SOLAR PRODUCTS MASTER PRICE LIST,,,,,,,,,,,,,,,,,,,,,,
"Compiled 1 Oct 2026 from 17 supplier lists. Cost price is the installer / Level B price. Selling price = cost x (1 + default markup), capped at the supplier market price where one exists, but never below cost + minimum margin. Both % settings are on the Summary sheet. A % typed in ""Markup % (override)"" is used as-is for that item.",,,,,,,,,,,,,,,,,,,,,,
,,,,,,,,,,,,,,,,,,,,,,
ID,Category,Sub-category,Brand,Supplier,Model / Product,Description & key specs,Rating,Unit,Picture,Warranty,Cost price (₦),Markup % (override),Selling price (₦),Profit (₦),Effective markup,Price rule,Bulk / big-dealer price (₦),Market reference (₦),MOQ,Status,Price list date,Notes
PNL-001,Solar Panels,Monocrystalline,Bread,Bread Energy Store,200W Mono Solar Panel,"200W monocrystalline module, 24V nominal, 50 cells",200,W,,25 years,"₦34,000",,"₦44,200","₦10,200",30.0%,Default markup,,,50 pcs,Available,Updated list (latest),"Previous price ₦35,000"
PNL-002,Solar Panels,Monocrystalline,Bread,Bread Energy Store,280W Mono Solar Panel,"280W monocrystalline module, 24V nominal",280,W,,25 years,"₦55,000",,"₦71,500","₦16,500",30.0%,Default markup,,,50 pcs,Promotion,Updated list (latest),
PNL-003,Solar Panels,Monocrystalline,Bread,Bread Energy Store,300W Mono Solar Panel,300W monocrystalline module,300,W,,25 years,"₦58,000",,"₦75,400","₦17,400",30.0%,Default markup,,,50 pcs,Available,Updated list (latest),
PNL-004,Solar Panels,Monocrystalline,Sungene,Solarpro Tech (INFINI / Sungene list),Sungene 330W Panel,330W solar module,330,W,,25 years,"₦54,000",,"₦56,700","₦2,700",5.0%,Minimum margin,"₦52,500","₦56,000",,Available,"Week 13, 2026",
PNL-005,Solar Panels,Monocrystalline,Bread,Bread Energy Store,440-455W Mono Solar Panel (second listing),440-455W monocrystalline module,440,W,,25 years,"₦89,000",,"₦115,700","₦26,700",30.0%,Default markup,,,50 pcs,Available,Updated list (latest),"Bread lists 440-455W twice (₦95,000 and ₦89,000). Confirm which grade this is"
PNL-006,Solar Panels,Monocrystalline,Bread,Bread Energy Store,440-455W Mono Solar Panel,"440-455W monocrystalline module, half-cut / PERC cells",440,W,,25 years,"₦95,000",,"₦123,500","₦28,500",30.0%,Default markup,,,50 pcs,Available,Updated list (latest),
PNL-007,Solar Panels,Monocrystalline,Bread,Bread Energy Store,460-475W Mono Solar Panel,"460-475W monocrystalline module, half-cut / PERC cells, Class A",460,W,,25 years,"₦90,000",,"₦117,000","₦27,000",30.0%,Default markup,,,50 pcs,Available,Updated list (latest),
PNL-008,Solar Panels,Monocrystalline,Bread,Bread Energy Store,480-495W Mono Solar Panel,"480-495W monocrystalline module, half-cut / PERC cells, Class A",480,W,,25 years,"₦90,000",,"₦117,000","₦27,000",30.0%,Default markup,,,50 pcs,Available,Updated list (latest),
PNL-009,Solar Panels,Monocrystalline,JMS,Solarpro Tech,JMS550W,550W solar module,550,W,,25 years,"₦143,000",,"₦150,150","₦7,150",5.0%,Minimum margin,"₦141,000","₦145,000",,Available,May 2026,
PNL-010,Solar Panels,Monocrystalline,Sungene,Solarpro Tech (INFINI / Sungene list),Sungene 550W Panel,550W solar module,550,W,,25 years,,,,,,,,,,Coming soon,"Week 13, 2026",
PNL-011,Solar Panels,Monocrystalline,Felicity,Felicity Solar (Level C list),FL-M-580W,580W monocrystalline panel,580,W,Image pending,Not stated,"₦152,000",,"₦197,600","₦45,600",30.0%,Default markup,,,,Available,May 2026 (list code 260510),
PNL-012,Solar Panels,Monocrystalline,Bread,Bread Energy Store,610-635W Mono Solar Panel,"610-635W monocrystalline module, half-cut / PERC cells, Class A",610,W,,25 years,"₦115,000",,"₦149,500","₦34,500",30.0%,Default markup,,,50 pcs,Available,Updated list (latest),
PNL-013,Solar Panels,Monocrystalline,Yingli,Solarpro Tech,YINGLI-620W,620W solar module,620,W,,25 years,"₦150,000",,"₦157,500","₦7,500",5.0%,Minimum margin,"₦149,000","₦148,000",,Available,May 2026,Market reference is below the installer price on the source list
PNL-014,Solar Panels,Monocrystalline,Yingli,Solarpro Tech,YINGLI-625W,625W solar module,625,W,,25 years,"₦151,000",,"₦158,550","₦7,550",5.0%,Minimum margin,"₦150,000","₦148,000",,Available,May 2026,Market reference is below the installer price on the source list
PNL-015,Solar Panels,Monocrystalline,JMS,Solarpro Tech,JMS630W,630W solar module,630,W,,25 years,"₦146,000",,"₦153,300","₦7,300",5.0%,Minimum margin,"₦144,000","₦148,000",,Available,May 2026,
PNL-016,Solar Panels,Monocrystalline,Bread,Bread Energy Store,640-660W Mono Solar Panel,"640-660W monocrystalline module, half-cut / PERC cells, Class A",640,W,,25 years,"₦117,000",,"₦152,100","₦35,100",30.0%,Default markup,,,50 pcs,Available,Updated list (latest),
PNL-017,Solar Panels,Monocrystalline,Sungene,Solarpro Tech (INFINI / Sungene list),Sungene 650W Panel,650W solar module,650,W,,25 years,"₦132,000",,"₦144,000","₦12,000",9.1%,Capped at market price,"₦125,000","₦144,000",,Available,"Week 13, 2026",
PNL-018,Solar Panels,Monocrystalline,Bread,Bread Energy Store,670-680W Mono Solar Panel,"670-680W monocrystalline module, half-cut / PERC cells, Class A",670,W,,25 years,"₦118,000",,"₦153,400","₦35,400",30.0%,Default markup,,,50 pcs,Available,Updated list (latest),
PNL-019,Solar Panels,Bifacial,Bread,Bread Energy Store,500-515W Bifacial Solar Panel,500-515W bifacial monocrystalline module,500,W,,25 years,"₦100,000",,"₦130,000","₦30,000",30.0%,Default markup,,,50 pcs,Available,Updated list (latest),
PNL-020,Solar Panels,Bifacial,Bread,Bread Energy Store,580-590W Bifacial Solar Panel,580-590W bifacial monocrystalline module,580,W,,25 years,"₦110,000",,"₦143,000","₦33,000",30.0%,Default markup,,,50 pcs,Available,Updated list (latest),
PNL-021,Solar Panels,Polycrystalline,Blue Carbon,Blue Carbon Nigeria,50W Solar Panel (Polycrystalline),"50W solar panel, polycrystalline",50,W,Image pending,Not stated,"₦30,000",,"₦39,000","₦9,000",30.0%,Default markup,,,,Available,Undated,
PNL-022,Solar Panels,Type not stated,Blue Carbon,Blue Carbon Nigeria,80W Solar Panel,80W solar panel,80,W,Image pending,Not stated,"₦35,000",,"₦45,500","₦10,500",30.0%,Default markup,,,,Available,Undated,
PNL-023,Solar Panels,Type not stated,Blue Carbon,Blue Carbon Nigeria,100W Solar Panel,100W solar panel,100,W,Image pending,Not stated,"₦40,000",,"₦52,000","₦12,000",30.0%,Default markup,,,,Available,Undated,
PNL-024,Solar Panels,Type not stated,Blue Carbon,Blue Carbon Nigeria,150W Solar Panel,150W solar panel,150,W,Image pending,Not stated,"₦40,000",,"₦52,000","₦12,000",30.0%,Default markup,,,,Available,Undated,
PNL-025,Solar Panels,Type not stated,Blue Carbon,Blue Carbon Nigeria,190W Solar Panel,190W solar panel,190,W,Image pending,Not stated,"₦48,000",,"₦62,400","₦14,400",30.0%,Default markup,,,,Available,Undated,
PNL-026,Solar Panels,Type not stated,Blue Carbon,Blue Carbon Nigeria,220W Solar Panel,220W solar panel,220,W,Image pending,Not stated,"₦65,000",,"₦84,500","₦19,500",30.0%,Default markup,,,,Available,Undated,
PNL-027,Solar Panels,Type not stated,Blue Carbon,Blue Carbon Nigeria,250W Solar Panel,250W solar panel,250,W,Image pending,Not stated,"₦70,000",,"₦91,000","₦21,000",30.0%,Default markup,,,,Available,Undated,
PNL-028,Solar Panels,Type not stated,Blue Carbon,Blue Carbon Nigeria,280W Solar Panel,280W solar panel,280,W,Image pending,Not stated,"₦80,000",,"₦104,000","₦24,000",30.0%,Default markup,,,,Available,Undated,
PNL-029,Solar Panels,Type not stated,Blue Carbon,Blue Carbon Nigeria,300W Solar Panel,300W solar panel,300,W,Image pending,Not stated,"₦75,000",,"₦97,500","₦22,500",30.0%,Default markup,,,,Available,Undated,
PNL-030,Solar Panels,Type not stated,Blue Carbon,Blue Carbon Nigeria,325W Solar Panel,325W solar panel,325,W,Image pending,Not stated,"₦85,000",,"₦110,500","₦25,500",30.0%,Default markup,,,,Available,Undated,
PNL-031,Solar Panels,Type not stated,Blue Carbon,Blue Carbon Nigeria,330W Solar Panel,330W solar panel,330,W,Image pending,Not stated,"₦85,000",,"₦110,500","₦25,500",30.0%,Default markup,,,,Available,Undated,
PNL-032,Solar Panels,Type not stated,Blue Carbon,Blue Carbon Nigeria,350W Solar Panel,350W solar panel,350,W,Image pending,Not stated,"₦85,000",,"₦110,500","₦25,500",30.0%,Default markup,,,,Available,Undated,
PNL-033,Solar Panels,Type not stated,Blue Carbon,Blue Carbon Nigeria,380W Solar Panel,380W solar panel,380,W,Image pending,Not stated,"₦90,000",,"₦117,000","₦27,000",30.0%,Default markup,,,,Available,Undated,
PNL-034,Solar Panels,Type not stated,Blue Carbon,Blue Carbon Nigeria,400W Solar Panel,400W solar panel,400,W,Image pending,Not stated,"₦95,000",,"₦123,500","₦28,500",30.0%,Default markup,,,,Available,Undated,
PNL-035,Solar Panels,Type not stated,itel,itel Energy (ESS list),itel 410Wp Solar Panel,"410Wp solar panel. Half-cut cells, hot-spot resistant, PID resistant",410,W,,10 years,"₦96,000",,"₦105,600","₦9,600",10.0%,Capped at market price,"₦90,700","₦105,600",,Available,Sep 2026,Cost = dealer price. Bulk column = distributor price. Market ref = itel retail price.
PNL-036,Solar Panels,Type not stated,Blue Carbon,Blue Carbon Nigeria,450W Solar Panel,450W solar panel,450,W,Image pending,Not stated,"₦110,000",,"₦143,000","₦33,000",30.0%,Default markup,,,,Available,Undated,
PNL-037,Solar Panels,Type not stated,Blue Carbon,Blue Carbon Nigeria,450W Solar Panel (old stock),"450W solar panel, listed as ""Old""",450,W,Image pending,Not stated,"₦130,000",,"₦169,000","₦39,000",30.0%,Default markup,,,,Available,Undated,"Priced higher than the regular 450W (₦110,000). Confirm with supplier"
PNL-038,Solar Panels,Type not stated,Exulted,Exulted (dealer list),Exulted 460W Solar Panel,460W solar panel,460,W,Image pending,Not stated,"₦85,000",,"₦110,500","₦25,500",30.0%,Default markup,,,,Available,15 Sep 2026,
PNL-039,Solar Panels,Type not stated,Blue Carbon,Blue Carbon Nigeria,500W Solar Panel,500W solar panel,500,W,Image pending,Not stated,"₦105,000",,"₦136,500","₦31,500",30.0%,Default markup,,,,Available,Undated,
PNL-040,Solar Panels,Type not stated,Blue Carbon,Blue Carbon Nigeria,550W Solar Panel,550W solar panel,550,W,Image pending,Not stated,"₦120,000",,"₦156,000","₦36,000",30.0%,Default markup,,,,Available,Undated,
PNL-041,Solar Panels,Type not stated,Exulted,Exulted (dealer list),Exulted 550W Solar Panel,550W solar panel,550,W,Image pending,Not stated,"₦115,000",,"₦149,500","₦34,500",30.0%,Default markup,,,,Available,15 Sep 2026,"Dealer range ₦110,000 to ₦115,000; cost set at the top of the range."
PNL-042,Solar Panels,Type not stated,Blue Carbon,Blue Carbon Nigeria,600W Solar Panel,600W solar panel,600,W,Image pending,Not stated,"₦140,000",,"₦182,000","₦42,000",30.0%,Default markup,,,,Available,Undated,
PNL-043,Solar Panels,Type not stated,Exulted,Exulted (dealer list),Exulted 620W Solar Panel (regular),"620W solar panel, regular",620,W,Image pending,Not stated,"₦120,000",,"₦156,000","₦36,000",30.0%,Default markup,,,,Available,15 Sep 2026,
PNL-044,Solar Panels,Type not stated,itel,itel Energy (ESS list),itel 620Wp Solar Panel,"620Wp solar panel. Half-cut cells, hot-spot resistant, PID resistant. Catalogue lists 590W; price list says 620Wp",620,W,,10 years,"₦138,000",,"₦151,800","₦13,800",10.0%,Capped at market price,"₦129,900","₦151,800",,Available,Sep 2026,Cost = dealer price. Bulk column = distributor price. Market ref = itel retail price.
PNL-045,Solar Panels,Type not stated,Blue Carbon,Blue Carbon Nigeria,650W Solar Panel,650W solar panel,650,W,Image pending,Not stated,"₦150,000",,"₦195,000","₦45,000",30.0%,Default markup,,,,Available,Undated,
PNL-046,Solar Panels,Type not stated,Exulted,Exulted (dealer list),Exulted 650W Solar Panel,650W solar panel,650,W,Image pending,Not stated,"₦125,000",,"₦162,500","₦37,500",30.0%,Default markup,,,,Available,15 Sep 2026,
PNL-047,Solar Panels,Portable / flexible,EcoFlow,"EcoFlow (catalogue, handwritten dealer prices)",EcoFlow 100W Rigid Solar Panel,"100W rigid, 23% efficiency, mono, MC4, 6.2kg, 98 x 58.6 x 3cm",100,W,,Not stated,,,,,,,,,,Price on request,Undated (shared 1 Oct 2026),No price on the catalogue. Ask the supplier.
PNL-048,Solar Panels,Portable / flexible,EcoFlow,"EcoFlow (catalogue, handwritten dealer prices)",EcoFlow 100W Flexible Solar Panel,"100W flexible, 23% efficiency, mono, MC4, 2.3kg",100,W,,Not stated,,,,,,,,,,Price on request,Undated (shared 1 Oct 2026),No price on the catalogue. Ask the supplier.
PNL-049,Solar Panels,Portable / flexible,EcoFlow,"EcoFlow (catalogue, handwritten dealer prices)",EcoFlow 110W Portable Solar Panel,"110W foldable, 22.8% efficiency, mono, MC4, 4.0kg, IP68",110,W,,Not stated,,,,,,,,,,Price on request,Undated (shared 1 Oct 2026),No price on the catalogue. Ask the supplier.
PNL-050,Solar Panels,Portable / flexible,EcoFlow,"EcoFlow (catalogue, handwritten dealer prices)",EcoFlow 160W Portable Solar Panel,"160W foldable, 21-22% efficiency, mono, MC4, 5.6kg, IP68",160,W,,Not stated,,,,,,,,,,Price on request,Undated (shared 1 Oct 2026),No price on the catalogue. Ask the supplier.
PNL-051,Solar Panels,Portable / flexible,EcoFlow,"EcoFlow (catalogue, handwritten dealer prices)",EcoFlow 220W Bifacial Portable Solar Panel,"220W front / 155W rear, 22-23% efficiency, mono, MC4, 9.5kg, IP68",220,W,,Not stated,,,,,,,,,,Price on request,Undated (shared 1 Oct 2026),No price on the catalogue. Ask the supplier.
PNL-052,Solar Panels,Portable / flexible,EcoFlow,"EcoFlow (catalogue, handwritten dealer prices)",EcoFlow 400W Portable Solar Panel,"400W foldable, 22.6% efficiency, mono, MC4, 16kg, IP68",400,W,,Not stated,,,,,,,,,,Price on request,Undated (shared 1 Oct 2026),No price on the catalogue. Ask the supplier.
PNL-053,Solar Panels,Portable / flexible,EcoFlow,"EcoFlow (catalogue, handwritten dealer prices)",EcoFlow 400W Rigid Solar Panel,"400W rigid, 23% efficiency, mono, MC4, 21.8kg, 172.2 x 113.4 x 3.5cm, TUV",400,W,,Not stated,,,,,,,,,,Price on request,Undated (shared 1 Oct 2026),No price on the catalogue. Ask the supplier.
INV-001,Inverters,Single-phase,Blue Carbon,Blue Carbon Nigeria,1.5kVA 12V T/L Hybrid Inverter,1.5kVA 12V hybrid inverter (T/L),1.5,kVA,Image pending,Not stated,"₦200,000",,"₦260,000","₦60,000",30.0%,Default markup,,,,Available,Undated,
INV-002,Inverters,Single-phase,Bread,Bread Energy Store,BIS1500-12L Hybrid Inverter,"1.5kW 12V hybrid, 60A MPPT, max PV Voc 100Vdc",1.5,kW,,2 years,"₦200,000",,"₦260,000","₦60,000",30.0%,Default markup,,,5 pcs,Available,Updated list (latest),"Previous price ₦185,000"
INV-003,Inverters,Single-phase,Felicity,Felicity Solar (Level C list),FL-IVPS1512 Li,"1.5kVA 12V pure sine wave inverter, lithium battery wake-up function",1.5,kVA,Image pending,Not stated,"₦194,000",,"₦252,200","₦58,200",30.0%,Default markup,,,,Available,May 2026 (list code 260510),
INV-004,Inverters,Single-phase,LuxPower,LuxPower (July 2026 list),Geta 1.5K,Single-phase 1.5kW inverter,1.5,kW,,1.5 years,"₦220,000",,"₦286,000","₦66,000",30.0%,Default markup,"₦200,000",,,Available,1 Jul 2026,"Cost = 1-20 pcs. 21-50 pcs: ₦210,000. 51-200 pcs: bulk column. 201-500 pcs: ₦190,000. FOB US$103. Lagos price; outside Lagos add ₦3,000/pc logistics."
INV-005,Inverters,Single-phase,SRNE,SRNE (existing sheet),HF1215S60-108,"1.5kW 12V inverter, 60A MPPT, max PV Voc 100Vdc",1.5,kW,,2 years,"₦266,000",,"₦345,800","₦79,800",30.0%,Default markup,,,,Available,Undated,
INV-006,Inverters,Single-phase,itel,itel Energy (ESS list),itel IPV-1K612U 1.5kW 12V Off-Grid Inverter,"1.5kW 12V single-phase hybrid inverter, off-grid. Pure sine wave, IP54, MPPT efficiency 99.9%, grid input 90-280VAC, 200% overload for 2s",1.5,kW,,3 years replacement,"₦218,000",,"₦239,800","₦21,800",10.0%,Capped at market price,"₦206,500","₦239,800",,Available,Sep 2026,Cost = dealer price. Bulk column = distributor price. Market ref = itel retail price.
INV-007,Inverters,Single-phase,Not stated,Exulted (dealer list),2kVA 12V PWM Wall-Mount Inverter,"2kVA 12V transformer-based wall-mount inverter, PWM charging",2,kVA,Image pending,Not stated,"₦150,000",,"₦195,000","₦45,000",30.0%,Default markup,,,,Available,15 Sep 2026,
INV-008,Inverters,Single-phase,Felicity,Felicity Solar (Level C list),FL-IVPS2512 Li,"2.5kVA 12V pure sine wave inverter, lithium battery wake-up function",2.5,kVA,Image pending,Not stated,"₦325,000",,"₦422,500","₦97,500",30.0%,Default markup,,,,Available,May 2026 (list code 260510),
INV-009,Inverters,Single-phase,Felicity,Felicity Solar (Level C list),FL-IVPS2524 Li,"2.5kVA 24V pure sine wave inverter, lithium battery wake-up function",2.5,kVA,Image pending,Not stated,"₦325,000",,"₦422,500","₦97,500",30.0%,Default markup,,,,Available,May 2026 (list code 260510),
INV-010,Inverters,Single-phase,LuxPower,LuxPower (July 2026 list),Geta 2.5K,Single-phase 2.5kW inverter,2.5,kW,,1.5 years,"₦240,000",,"₦312,000","₦72,000",30.0%,Default markup,"₦220,000",,,Available,1 Jul 2026,"Cost = 1-20 pcs. 21-50 pcs: ₦230,000. 51-200 pcs: bulk column. 201-500 pcs: ₦200,000. FOB US$112. Lagos price; outside Lagos add ₦3,000/pc logistics."
INV-011,Inverters,Single-phase,Not stated,Exulted (dealer list),2.5kVA 24V PWM Table-Top Inverter,"2.5kVA 24V table-top inverter, PWM charging",2.5,kVA,Image pending,Not stated,"₦180,000",,"₦234,000","₦54,000",30.0%,Default markup,,,,Promotion,15 Sep 2026,Special price
INV-012,Inverters,Single-phase,Felicity,Felicity Solar (Level C list),FL-IVEM3024,"3kVA 24V hybrid inverter, MPPT 120-450Vdc, 4000W PV",3,kVA,Image pending,Not stated,"₦321,000",,"₦417,300","₦96,300",30.0%,Default markup,,,,Available,May 2026 (list code 260510),
INV-013,Inverters,Single-phase,Not stated,Exulted (dealer list),3kVA / 2.5kVA 24V MPPT Wall-Mount Inverter,"3kVA (2.5kW) 24V transformer-based wall-mount inverter, MPPT charging",3,kVA,Image pending,Not stated,"₦190,000",,"₦247,000","₦57,000",30.0%,Default markup,,,,Available,15 Sep 2026,
INV-014,Inverters,Single-phase,SRNE,SRNE (existing sheet),HF2430S60-108,"3kW 24V inverter, 60A MPPT, max PV Voc 100Vdc",3,kW,,2 years,"₦328,000",,"₦426,400","₦98,400",30.0%,Default markup,,,,Available,Undated,
INV-015,Inverters,Single-phase,itel,itel Energy (ESS list),itel IPV-3K24UPRO 3kW 24V Off-Grid Inverter,"3kW 24V single-phase hybrid inverter, off-grid. Pure sine wave, IP54, MPPT efficiency 99.9%, grid input 90-280VAC, 200% overload for 2s",3,kW,,3 years replacement,"₦299,000",,"₦328,900","₦29,900",10.0%,Capped at market price,"₦285,000","₦328,900",,Available,Sep 2026,Cost = dealer price. Bulk column = distributor price. Market ref = itel retail price.
INV-016,Inverters,Single-phase,SRNE,SRNE (existing sheet),HF2430S80-H,"3.3kW 24V inverter, 80A MPPT, max PV Voc 500Vdc",3.3,kW,,2 years,"₦374,000",,"₦486,200","₦112,200",30.0%,Default markup,,,,Available,Undated,
INV-017,Inverters,Single-phase,Bread,Bread Energy Store,BIS3500-24S Hybrid Inverter,"3.5kW 24V hybrid, 60A MPPT, max PV Voc 100Vdc",3.5,kW,,2 years,"₦265,000",,"₦344,500","₦79,500",30.0%,Default markup,,,5 pcs,Available,Updated list (latest),
INV-018,Inverters,Single-phase,Felicity,Felicity Solar (Level C list),FL-IVPS3524 Li,"3.5kVA 24V pure sine wave inverter, lithium battery wake-up function",3.5,kVA,Image pending,Not stated,"₦401,000",,"₦521,300","₦120,300",30.0%,Default markup,,,,Available,May 2026 (list code 260510),
INV-019,Inverters,Single-phase,INFINI,Solarpro Tech (INFINI / Sungene list),HP800 3.5kVA 24V Hybrid,3.5kVA 24V hybrid inverter,3.5,kVA,,3 years,"₦280,000",,"₦300,000","₦20,000",7.1%,Capped at market price,"₦265,000","₦300,000",,Available,"Week 13, 2026",
INV-020,Inverters,Single-phase,LuxPower,LuxPower (July 2026 list),Geta 3.6K,Single-phase 3.6kW inverter,3.6,kW,,1.5 years,"₦260,000",,"₦338,000","₦78,000",30.0%,Default markup,"₦240,000",,,Available,1 Jul 2026,"Cost = 1-20 pcs. 21-50 pcs: ₦250,000. 51-200 pcs: bulk column. 201-500 pcs: ₦230,000. FOB US$128. Lagos price; outside Lagos add ₦3,000/pc logistics."
INV-021,Inverters,Single-phase,Blue Carbon,Blue Carbon Nigeria,4kVA Hybrid Inverter,4kVA hybrid inverter,4,kVA,Image pending,Not stated,"₦400,000",,"₦520,000","₦120,000",30.0%,Default markup,,,,Available,Undated,
INV-022,Inverters,Single-phase,Felicity,Felicity Solar (Level C list),FL-IVEM4024,"4kVA 24V hybrid inverter, MPPT 60-500Vdc, 4000W PV",4,kVA,Image pending,Not stated,"₦373,000",,"₦484,900","₦111,900",30.0%,Default markup,,,,Available,May 2026 (list code 260510),
INV-023,Inverters,Single-phase,Not stated,Exulted (dealer list),4kVA / 3.5kVA 24V MPPT Wall-Mount Inverter,"4kVA (3.5kW) 24V transformer-based wall-mount inverter, MPPT charging",4,kVA,Image pending,Not stated,"₦300,000",,"₦390,000","₦90,000",30.0%,Default markup,,,,Available,15 Sep 2026,
INV-024,Inverters,Single-phase,Not stated,Exulted (dealer list),4kVA 24V HF Inverter,4kVA 24V high-frequency (transformerless) inverter,4,kVA,Image pending,Not stated,"₦320,000",,"₦416,000","₦96,000",30.0%,Default markup,,,,Available,15 Sep 2026,
INV-025,Inverters,Single-phase,itel,itel Energy (ESS list),itel IPV-4K24UPRO 4kW 24V Hybrid Inverter,"4kW 24V single-phase hybrid inverter, IP54, WiFi, dual output, MPPT, 6kW PV. Supports smart load and main load, 200% overload for 5s, max MPPT charge 120A",4,kW,,3 years replacement,"₦379,000",,"₦416,900","₦37,900",10.0%,Capped at market price,"₦357,000","₦416,900",,Available,Sep 2026,Cost = dealer price. Bulk column = distributor price. Market ref = itel retail price.
INV-026,Inverters,Single-phase,Felicity,Felicity Solar (Level C list),FL-IVPS5024 Li,"5kVA 24V pure sine wave inverter, lithium battery wake-up function",5,kVA,Image pending,Not stated,"₦549,000",,"₦713,700","₦164,700",30.0%,Default markup,,,,Available,May 2026 (list code 260510),
INV-027,Inverters,Single-phase,Felicity,Felicity Solar (Level C list),FL-IVPS5048 Li,"5kVA 48V pure sine wave inverter, lithium battery wake-up function",5,kVA,Image pending,Not stated,"₦549,000",,"₦713,700","₦164,700",30.0%,Default markup,,,,Available,May 2026 (list code 260510),
INV-028,Inverters,Single-phase,Felicity,Felicity Solar (Level C list),FL-IVPM5048 Li,"5kVA 48V pure sine wave inverter with 120A MPPT, lithium battery wake-up function",5,kVA,Image pending,Not stated,"₦830,000",,"₦1,079,000","₦249,000",30.0%,Default markup,,,,Available,May 2026 (list code 260510),
INV-029,Inverters,Single-phase,INFINI,Solarpro Tech (INFINI / Sungene list),HP800 5kVA 24V Hybrid,5kVA 24V hybrid inverter,5,kVA,,3 years,"₦340,000",,"₦360,000","₦20,000",5.9%,Capped at market price,"₦325,000","₦360,000",,Available,"Week 13, 2026",
INV-030,Inverters,Single-phase,LuxPower,LuxPower (July 2026 list),SNA5000 WPV,"Single-phase 5kW off-grid inverter, wide PV range",5,kW,,2 years,"₦500,000",,"₦540,000","₦40,000",8.0%,Capped at market price,"₦430,000","₦540,000",,Available,1 Jul 2026,"Cost = installer (1-9 pcs); market ref = end-user (1-9 pcs). 10-50 pcs: ₦470,000. Over 50 pcs: bulk column. FOB US$255. Lagos price; outside Lagos add ₦5,000/pc logistics."
INV-031,Inverters,Single-phase,Not stated,Exulted (dealer list),5kVA 48V Table-Top Inverter,5kVA 48V table-top inverter,5,kVA,Image pending,Not stated,"₦300,000",,"₦390,000","₦90,000",30.0%,Default markup,,,,Promotion,15 Sep 2026,Special price
INV-032,Inverters,Single-phase,SRNE,SRNE (existing sheet),HFP4850S80-145,"5kW 48V inverter, 80A MPPT, parallel up to 6 units, max PV Voc 145Vdc",5,kW,,2 years,"₦432,000",,"₦561,600","₦129,600",30.0%,Default markup,,,,Promotion,Undated,
INV-033,Inverters,Single-phase,SRNE,SRNE (existing sheet),HF4850S80-H,"5kW 48V inverter, 80A MPPT, PV input up to 500Vdc",5,kW,,2 years,"₦436,000",,"₦566,800","₦130,800",30.0%,Default markup,,,,Promotion,Undated,
INV-034,Inverters,Single-phase,SRNE,SRNE (existing sheet),HFP4850S80-H,"5kW 48V inverter, 80A MPPT, parallel capable, max PV Voc 500Vdc",5,kW,,2 years,"₦458,000",,"₦595,400","₦137,400",30.0%,Default markup,,,,Promotion,Undated,
INV-035,Inverters,Single-phase,SRNE,SRNE (existing sheet),AFP4850S100-H,"5kW 48V hybrid inverter, 80A MPPT, parallel up to 6 units, max PV Voc 500Vdc",5,kW,,2 years,"₦458,000",,"₦595,400","₦137,400",30.0%,Default markup,,,,New,Undated,
INV-036,Inverters,Single-phase,SRNE,SRNE (existing sheet),HYP4850S100-H,"5kW 48V grid / off-grid hybrid, 100A MPPT, parallel up to 6 units (30kW), max PV Voc 500Vdc",5,kW,,2 years,"₦486,000",,"₦631,800","₦145,800",30.0%,Default markup,,,,Promotion,Undated,
INV-037,Inverters,Single-phase,Solis,Solarpro Tech,S6-EO1P5K,5kW single-phase off-grid inverter,5,kW,,5 years,"₦561,000",,"₦650,000","₦89,000",15.9%,Capped at market price,"₦530,400","₦650,000",,Available,May 2026,
INV-038,Inverters,Single-phase,INFINI,Solarpro Tech (INFINI / Sungene list),HP800 5.5kVA 48V Hybrid,5.5kVA 48V hybrid inverter,5.5,kVA,,3 years,,,,,,,,,,Coming soon,"Week 13, 2026",
INV-039,Inverters,Single-phase,AlpSolarr,AlpSolarr installer list,Pulse S3 Hybrid Inverter,"6kW 48V off-grid hybrid, max PV Voc 500Vdc, IP66, parallel up to 6 units",6,kW,,5 years replacement,"₦580,000",,"₦754,000","₦174,000",30.0%,Default markup,,,,Available,Undated,"Older sheet price ₦720,000"
INV-040,Inverters,Single-phase,Blue Carbon,Blue Carbon Nigeria,6kVA 48V Hybrid Inverter (non-parallel),"6kVA 48V hybrid inverter, no parallel function",6,kVA,Image pending,Not stated,"₦450,000",,"₦585,000","₦135,000",30.0%,Default markup,,,,Available,Undated,
INV-041,Inverters,Single-phase,Blue Carbon,Blue Carbon Nigeria,6kVA 48V Hybrid Inverter (parallel),6kVA 48V hybrid inverter with parallel function,6,kVA,Image pending,Not stated,"₦500,000",,"₦650,000","₦150,000",30.0%,Default markup,,,,Available,Undated,
INV-042,Inverters,Single-phase,Dawnice,Dawnice Nigeria (reseller list),Dawnice 6kW Inverter,6kW single-phase inverter,6,kW,Image pending,Not stated,"₦750,000",,"₦900,000","₦150,000",20.0%,Capped at market price,"₦700,000","₦900,000",,Available,1-15 May 2026,Cost = under 5 pcs. Bulk = 5 pcs and above. Pick-up Lagos warehouse.
INV-043,Inverters,Single-phase,Deye,SMS Sunmate Solar (Deye Nigeria),SUN-6K-OG01LP1-EU-AM2,"6kW single-phase off-grid, 135A max charge / discharge, up to 16 units in parallel",6,kW,,5 years,"₦900,000",,"₦1,170,000","₦270,000",30.0%,Default markup,,,,Available,Sep 2025,
INV-044,Inverters,Single-phase,Deye,SMS Sunmate Solar (Deye Nigeria),SUN-6K-SG04LP1-EU-SM2,"6kW single-phase hybrid, 135A max charge / discharge, up to 16 units in parallel (on / off-grid)",6,kW,,5 years,"₦1,400,000",,"₦1,820,000","₦420,000",30.0%,Default markup,,,,Available,Sep 2025,
INV-045,Inverters,Single-phase,Felicity,Felicity Solar (Level C list),FL-IVEM6048,"6kVA 48V hybrid inverter, MPPT 120-450Vdc, 6000W PV",6,kVA,Image pending,Not stated,"₦510,000",,"₦663,000","₦153,000",30.0%,Default markup,,,,Available,May 2026 (list code 260510),
INV-046,Inverters,Single-phase,Felicity,Felicity Solar (Level C list),IVAM6048P1G1,"6kVA 48V hybrid inverter, MPPT 90-420Vdc (6000W PV), up to 12 in parallel",6,kVA,Image pending,Not stated,"₦743,000",,"₦965,900","₦222,900",30.0%,Default markup,,,,Available,May 2026 (list code 260510),Highlighted in yellow on the Felicity list
INV-047,Inverters,Single-phase,Felicity,Felicity Solar (Level C list),T-REX-6KLP1G01,"6kVA 48V hybrid inverter, MPPT 90-550Vdc (7800W PV), 2 PV inputs (550V), parallel capable",6,kVA,Image pending,Not stated,"₦1,033,000",,"₦1,342,900","₦309,900",30.0%,Default markup,,,,Available,May 2026 (list code 260510),
INV-048,Inverters,Single-phase,LuxPower,LuxPower (July 2026 list),SNA6000 WPV,"Single-phase 6kW off-grid inverter, wide PV range",6,kW,,2 years,"₦520,000",,"₦550,000","₦30,000",5.8%,Capped at market price,"₦440,000","₦550,000",,Available,1 Jul 2026,"Cost = installer (1-9 pcs); market ref = end-user (1-9 pcs). 10-50 pcs: ₦490,000. Over 50 pcs: bulk column. FOB US$260. Lagos price; outside Lagos add ₦5,000/pc logistics."
INV-049,Inverters,Single-phase,LuxPower,LuxPower (July 2026 list),ECO Beast 6000,6kW solar inverter (pairs with the ECO Beast 5kWh battery),6,kW,,3 years,"₦730,000",,"₦766,500","₦36,500",5.0%,Minimum margin,"₦650,000","₦760,000",,Available,1 Jul 2026,"Cost = installer (1-9 pcs); market ref = end-user (1-9 pcs). 10-50 pcs: ₦700,000. Over 50 pcs: bulk column. FOB US$374. Lagos price; outside Lagos add ₦10,000/pc logistics."
INV-050,Inverters,Single-phase,Not stated,Exulted (dealer list),6kVA / 5.5kVA 48V MPPT Wall-Mount Inverter,"6kVA (5.5kW) 48V transformer-based wall-mount inverter, MPPT charging",6,kVA,Image pending,Not stated,"₦400,000",,"₦520,000","₦120,000",30.0%,Default markup,,,,Available,15 Sep 2026,
INV-051,Inverters,Single-phase,SRNE,SRNE (existing sheet),HYP4860S100-H,"6kW 48V grid / off-grid hybrid, 100A MPPT, parallel up to 6 units (36kW), max PV Voc 500Vdc",6,kW,,10 years,"₦615,000",,"₦799,500","₦184,500",30.0%,Default markup,,,,Promotion,Undated,10-year warranty per source; the 5kW sibling shows 2 years. Confirm
INV-052,Inverters,Single-phase,SRNE,SRNE (existing sheet),HESP4860S100-H,"6kW 48V grid / off-grid hybrid, 100A MPPT, parallel up to 6 units, max PV Voc 500Vdc, IP66",6,kW,,5 years,"₦1,058,000",,"₦1,375,400","₦317,400",30.0%,Default markup,,,,Available,Undated,
INV-053,Inverters,Single-phase,itel,itel Energy (ESS list),itel IPV-6K48UPRO 6kW 48V Hybrid Inverter,"6kW 48V single-phase hybrid inverter, IP54, WiFi, dual output, MPPT, 8kW PV. Supports smart load and main load, 200% overload for 5s, max MPPT charge 120A",6,kW,,3 years replacement,"₦510,000",,"₦561,000","₦51,000",10.0%,Capped at market price,"₦480,000","₦561,000",,Available,Sep 2026,Cost = dealer price. Bulk column = distributor price. Market ref = itel retail price.
INV-054,Inverters,Single-phase,Bread,Bread Energy Store,BIS6200-48L Hybrid Inverter,"6.2kW 48V hybrid, 60A MPPT, max PV Voc 100Vdc",6.2,kW,,2 years,"₦430,000",,"₦559,000","₦129,000",30.0%,Default markup,,,5 pcs,Available,Updated list (latest),"Previous price ₦400,000"
INV-055,Inverters,Single-phase,Not stated,Exulted (dealer list),6.2kVA 48V HF Inverter (parallel),6.2kVA 48V high-frequency inverter with parallel function,6.2,kVA,Image pending,Not stated,"₦380,000",,"₦494,000","₦114,000",30.0%,Default markup,,,,Available,15 Sep 2026,
INV-056,Inverters,Single-phase,Not stated,Exulted (dealer list),6.2kVA 48V HF Inverter (transformerless),6.2kVA 48V high-frequency transformerless inverter,6.2,kVA,Image pending,Not stated,"₦390,000",,"₦507,000","₦117,000",30.0%,Default markup,,,,Available,15 Sep 2026,
INV-057,Inverters,Single-phase,LuxPower,LuxPower (July 2026 list),SNA PRO 6.5K,Single-phase 6.5kW inverter,6.5,kW,,5 years,"₦630,000",,"₦661,500","₦31,500",5.0%,Minimum margin,"₦560,000","₦660,000",,Available,1 Jul 2026,"Cost = installer (1-9 pcs); market ref = end-user (1-9 pcs). 10-50 pcs: ₦602,000. Over 50 pcs: bulk column. FOB US$335. Lagos price."
INV-058,Inverters,Single-phase,itel,itel Energy (ESS list),itel Sparta IHY-6K6L1C 6.6kW 48V Hybrid Inverter (transformer based),"6.6kW 48V single-phase hybrid inverter, transformer based, IP66, dual output, WiFi built in, 13.2kW PV, 2 MPPT trackers",6.6,kW,,Not stated,"₦675,000",,"₦742,500","₦67,500",10.0%,Capped at market price,"₦636,000","₦742,500",,Available,Sep 2026,Cost = dealer price. Bulk column = distributor price. Market ref = itel retail price.
INV-059,Inverters,Single-phase,Felicity,Felicity Solar (Level C list),FL-IVPS7548 Li,"7.5kVA 48V pure sine wave inverter, lithium battery wake-up function",7.5,kVA,Image pending,Not stated,"₦658,000",,"₦855,400","₦197,400",30.0%,Default markup,,,,Available,May 2026 (list code 260510),
INV-060,Inverters,Single-phase,Felicity,Felicity Solar (Level C list),FL-IVPM7548 Li,"7.5kVA 48V pure sine wave inverter with 120A MPPT, lithium battery wake-up function",7.5,kVA,Image pending,Not stated,"₦898,000",,"₦1,167,400","₦269,400",30.0%,Default markup,,,,Available,May 2026 (list code 260510),
INV-061,Inverters,Single-phase,INFINI,Solarpro Tech (INFINI / Sungene list),HP800 7.5kVA 48V Hybrid (non-parallel),"7.5kVA 48V hybrid inverter, no parallel function",7.5,kVA,,3 years,,,,,,,,,,Coming soon,"Week 13, 2026",
INV-062,Inverters,Single-phase,AlpSolarr,AlpSolarr installer list,Pulse S4 Hybrid Inverter,8kW hybrid inverter,8,kW,,5 years replacement,"₦730,000",,"₦949,000","₦219,000",30.0%,Default markup,,,,New,Undated,
INV-063,Inverters,Single-phase,Deye,SMS Sunmate Solar (Deye Nigeria),SUN-8K-SG05LP1-EU-SM2,"8kW single-phase hybrid, 190A max charge / discharge, up to 16 units in parallel",8,kW,,5 years,"₦2,000,000",,"₦2,600,000","₦600,000",30.0%,Default markup,,,,Available,Sep 2025,
INV-064,Inverters,Single-phase,Felicity,Felicity Solar (Level C list),FL-IVEM8048,"8kVA 48V hybrid inverter, MPPT 120-450Vdc, 6000W PV",8,kVA,Image pending,Not stated,"₦918,000",,"₦1,193,400","₦275,400",30.0%,Default markup,,,,Available,May 2026 (list code 260510),
INV-065,Inverters,Single-phase,LuxPower,LuxPower (July 2026 list),GEN EU 8K,Single-phase 8kW hybrid inverter,8,kW,,5 years,"₦1,750,000",,"₦1,837,500","₦87,500",5.0%,Minimum margin,"₦1,650,000","₦1,800,000",,Available,1 Jul 2026,"Cost = installer (1-9 pcs); market ref = end-user (1-9 pcs). 10-50 pcs: ₦1,700,000. Over 50 pcs: bulk column. FOB US$876. Lagos price; outside Lagos add ₦15,000/pc logistics."
INV-066,Inverters,Single-phase,itel,itel Energy (ESS list),itel IPV-8K48U 8kW 48V Hybrid Inverter,"8kW 48V single-phase hybrid inverter, IP54, WiFi, MPPT, 16kW PV. Dual output (smart load and main load), 200% overload for 5s, max MPPT charge 160A, up to 12 in parallel",8,kW,,3 years replacement,"₦713,000",,"₦784,300","₦71,300",10.0%,Capped at market price,"₦678,000","₦784,300",,Available,Sep 2026,Cost = dealer price. Bulk column = distributor price. Market ref = itel retail price.
INV-067,Inverters,Single-phase,Dawnice,Dawnice Nigeria (reseller list),Dawnice 10kW Inverter,10kW single-phase inverter,10,kW,Image pending,Not stated,"₦1,450,000",,"₦1,750,000","₦300,000",20.7%,Capped at market price,"₦1,350,000","₦1,750,000",,Available,1-15 May 2026,Cost = under 5 pcs. Bulk = 5 pcs and above. Pick-up Lagos warehouse.
INV-068,Inverters,Single-phase,Deye,Dawnice Nigeria (reseller list),Deye 10kW Single-Phase Inverter,10kW single-phase inverter (model not stated),10,kW,Image pending,Not stated,"₦2,500,000",,"₦3,200,000","₦700,000",28.0%,Capped at market price,"₦2,300,000","₦3,200,000",,Available,1-15 May 2026,Cost = under 5 pcs. Bulk = 5 pcs and above. Pick-up Lagos warehouse.
INV-069,Inverters,Single-phase,Deye,SMS Sunmate Solar (Deye Nigeria),SUN-10K-SG02LP1-EU-AM3,"10kW single-phase hybrid, colour touch LCD, IP65, 220A max charge / discharge, generator energy storage, up to 16 in parallel",10,kW,,5 years,"₦2,600,000",,"₦3,380,000","₦780,000",30.0%,Default markup,,,,Available,Sep 2025,
INV-070,Inverters,Single-phase,Felicity,Felicity Solar (Level C list),FL-IVPS10048 Li,"10kVA 48V pure sine wave inverter, up to 6 in parallel, lithium battery wake-up function",10,kVA,Image pending,Not stated,"₦926,000",,"₦1,203,800","₦277,800",30.0%,Default markup,,,,Available,May 2026 (list code 260510),
INV-071,Inverters,Single-phase,Felicity,Felicity Solar (Level C list),FL-IVPM10048 Li,"10kVA 48V pure sine wave inverter with 120A MPPT, up to 6 in parallel, lithium battery wake-up function",10,kVA,Image pending,Not stated,"₦1,179,000",,"₦1,532,700","₦353,700",30.0%,Default markup,,,,Available,May 2026 (list code 260510),
INV-072,Inverters,Single-phase,Felicity,Felicity Solar (Level C list),IVBM10048P1G1,"10kVA 48V pure sine wave inverter, up to 6 in parallel",10,kVA,Image pending,Not stated,"₦1,217,000",,"₦1,582,100","₦365,100",30.0%,Default markup,,,,Available,May 2026 (list code 260510),Highlighted in yellow on the Felicity list
INV-073,Inverters,Single-phase,INFINI,Solarpro Tech (INFINI / Sungene list),HP800 10kW 48V Hybrid (parallel),10kW 48V hybrid inverter with parallel function,10,kW,,3 years,,,,,,,,,,Coming soon,"Week 13, 2026",
INV-074,Inverters,Single-phase,LuxPower,LuxPower (existing sheet),GEN EU 10K,Single-phase 10kW hybrid inverter,10,kW,,5 years,"₦2,038,000",,"₦2,649,400","₦611,400",30.0%,Default markup,,,,Not on latest list,Undated,From the older Combine_Pricing sheet. Not on the LuxPower July 2026 list
INV-075,Inverters,Single-phase,Not stated,Exulted (dealer list),10kVA / 11kVA 48V MPPT Wall-Mount Inverter,"10-11kVA 48V wall-mount inverter, MPPT, listed as transformer-based / HF",10,kVA,Image pending,Not stated,"₦850,000",,"₦1,105,000","₦255,000",30.0%,Default markup,,,,Available,15 Sep 2026,"Source says ""850"" with no unit; read as ₦850,000. Confirm"
INV-076,Inverters,Single-phase,SRNE,SRNE (existing sheet),ASP48100S200-H,"10kW 48V grid / off-grid hybrid, 200A MPPT, parallel up to 6 units, max PV Voc 500Vdc",10,kW,,2 years,"₦1,203,000",,"₦1,563,900","₦360,900",30.0%,Default markup,,,,Available,Undated,
INV-077,Inverters,Single-phase,AlpSolarr,AlpSolarr installer list,Pulse S2 Hybrid Inverter,"11kW 48V off-grid hybrid, max PV Voc 500Vdc, IP66, parallel up to 6 units",11,kW,,2 years replacement,"₦885,000",,"₦1,150,500","₦265,500",30.0%,Default markup,,,,Available,Undated,"Older sheet price ₦1,050,000"
INV-078,Inverters,Single-phase,Blue Carbon,Blue Carbon Nigeria,11kVA 48V Hybrid Inverter (parallel),11kVA 48V hybrid inverter with parallel function,11,kVA,Image pending,Not stated,"₦1,150,000",,"₦1,495,000","₦345,000",30.0%,Default markup,,,,Available,Undated,
INV-079,Inverters,Single-phase,Bread,Bread Energy Store,BIS11000-48L Hybrid Inverter,11kW 48V hybrid inverter,11,kW,,2 years,"₦750,000",,"₦975,000","₦225,000",30.0%,Default markup,,,5 pcs,Available,Updated list (latest),
INV-080,Inverters,Single-phase,Bread,Bread Energy Store,BIS11000-48L PRO Hybrid Inverter,"11kW 48V hybrid inverter, Pro version",11,kW,,2 years,"₦830,000",,"₦1,079,000","₦249,000",30.0%,Default markup,,,5 pcs,Available,Updated list (latest),"Previous price ₦850,000"
INV-081,Inverters,Single-phase,Not stated,Exulted (dealer list),11kVA 48V HF Inverter (non-parallel),"11kVA 48V high-frequency (transformerless) inverter, no parallel function",11,kVA,Image pending,Not stated,"₦750,000",,"₦975,000","₦225,000",30.0%,Default markup,,,,Available,15 Sep 2026,
INV-082,Inverters,Single-phase,Not stated,Exulted (dealer list),11kVA 48V HF Inverter (parallel),11kVA 48V high-frequency (transformerless) inverter with parallel function,11,kVA,Image pending,Not stated,"₦800,000",,"₦1,040,000","₦240,000",30.0%,Default markup,,,,Available,15 Sep 2026,
INV-083,Inverters,Single-phase,Sorotech,Dawnice Nigeria (reseller list),Sorotech 11kW Inverter,11kW single-phase inverter,11,kW,Image pending,Not stated,"₦1,350,000",,"₦1,550,000","₦200,000",14.8%,Capped at market price,"₦1,200,000","₦1,550,000",,Available,1-15 May 2026,Cost = under 5 pcs. Bulk = 5 pcs and above. Pick-up Lagos warehouse.
INV-084,Inverters,Single-phase,AlpSolarr,AlpSolarr (existing sheet),ROSA Series G2 Hybrid Inverter,"12kW 48V single-phase hybrid, 3 MPPT (27A + 16A + 16A), max PV Voc 500Vdc, IP66, parallel up to 6 units",12,kW,,2 years,"₦2,650,000",,"₦3,445,000","₦795,000",30.0%,Default markup,,,,Available,Undated,
INV-085,Inverters,Single-phase,Blue Carbon,Blue Carbon Nigeria,12kVA 48V Hybrid Inverter,12kVA 48V hybrid inverter,12,kVA,Image pending,Not stated,"₦850,000",,"₦1,105,000","₦255,000",30.0%,Default markup,,,,Available,Undated,Cheaper than the 11kVA on the source list. Confirm
INV-086,Inverters,Single-phase,Deye,Dawnice Nigeria (reseller list),Deye 12kW Single / Three-Phase Inverter,"12kW inverter, single or three phase (model not stated)",12,kW,Image pending,Not stated,"₦2,600,000",,"₦3,000,000","₦400,000",15.4%,Capped at market price,"₦2,450,000","₦3,000,000",,Available,1-15 May 2026,Cost = under 5 pcs. Bulk = 5 pcs and above. Pick-up Lagos warehouse.
INV-087,Inverters,Single-phase,Deye,SMS Sunmate Solar (Deye Nigeria),SUN-12K-SG02LP1-EU-AM3,"12kW single-phase hybrid, colour touch LCD, IP65, 250A max charge / discharge, generator energy storage, up to 16 in parallel",12,kW,,5 years,"₦2,800,000",,"₦3,640,000","₦840,000",30.0%,Default markup,,,,Available,Sep 2025,
INV-088,Inverters,Single-phase,Felicity,Felicity Solar (Level C list),FL-IVEM12048,"12kVA 48V hybrid inverter, MPPT 120-450Vdc, 6000W PV",12,kVA,Image pending,Not stated,"₦1,097,000",,"₦1,426,100","₦329,100",30.0%,Default markup,,,,Available,May 2026 (list code 260510),
INV-089,Inverters,Single-phase,LuxPower,LuxPower (July 2026 list),SNA2 EU LT 12K,Single-phase 12kW inverter,12,kW,,2 years,"₦1,082,000",,"₦1,136,100","₦54,100",5.0%,Minimum margin,"₦987,000","₦1,132,000",,Available,1 Jul 2026,"Cost = installer (1-9 pcs); market ref = end-user (1-9 pcs). 10-50 pcs: ₦1,029,000. Over 50 pcs: bulk column. FOB US$540. Lagos price; outside Lagos add ₦10,000/pc logistics."
INV-090,Inverters,Single-phase,LuxPower,LuxPower (July 2026 list),SNA-EU 12000,Single-phase 12kW inverter,12,kW,,2 years,"₦1,450,000",,"₦1,522,500","₦72,500",5.0%,Minimum margin,"₦1,350,000","₦1,500,000",,Available,1 Jul 2026,"Cost = installer (1-9 pcs); market ref = end-user (1-9 pcs). 10-50 pcs: ₦1,400,000. Over 50 pcs: bulk column. FOB US$704. Lagos price; outside Lagos add ₦10,000/pc logistics."
INV-091,Inverters,Single-phase,SRNE,SRNE (existing sheet),ASP48120S200-H,"12kW 48V grid / off-grid hybrid, 200A MPPT, parallel up to 6 units, max PV Voc 500Vdc",12,kW,,2 years,"₦1,280,000",,"₦1,664,000","₦384,000",30.0%,Default markup,,,,New,Undated,
INV-092,Inverters,Single-phase,SRNE,Dawnice Nigeria (reseller list),SRNE 12kW Inverter (with WiFi),12kW single-phase inverter with WiFi (model not stated),12,kW,Image pending,Not stated,"₦1,550,000",,"₦2,000,000","₦450,000",29.0%,Capped at market price,"₦1,450,000","₦2,000,000",,Available,1-15 May 2026,Cost = under 5 pcs. Bulk = 5 pcs and above. Pick-up Lagos warehouse.
INV-093,Inverters,Single-phase,SRNE,SRNE (existing sheet),HESP48120S200-H,"12kW 48V grid / off-grid hybrid, 200A MPPT, max PV Voc 500Vdc, waterproof",12,kW,,5 years,"₦2,331,000",,"₦3,030,300","₦699,300",30.0%,Default markup,,,,Available,Undated,
INV-094,Inverters,Single-phase,Solis,Solarpro Tech,S6-EH1P12K,12kW single-phase hybrid inverter,12,kW,,5 years,"₦2,365,000",,"₦2,580,000","₦215,000",9.1%,Capped at market price,"₦2,236,000","₦2,580,000",,Available,May 2026,
INV-095,Inverters,Single-phase,itel,itel Energy (ESS list),itel IPV-12K48U 12kW 48V Hybrid Inverter,"12kW 48V single-phase hybrid inverter, IP54, MPPT, 16kW PV. Dual output (smart load and main load), 200% overload for 5s, max MPPT charge 210A, up to 12 in parallel",12,kW,,3 years replacement,"₦990,000",,"₦1,089,000","₦99,000",10.0%,Capped at market price,"₦952,000","₦1,089,000",,Available,Sep 2026,Cost = dealer price. Bulk column = distributor price. Market ref = itel retail price.
INV-096,Inverters,Single-phase,Not stated,Exulted (dealer list),12.5kVA 48V MPPT Wall-Mount Inverter (parallel),"12.5kVA 48V transformer-based wall-mount inverter, MPPT, parallel function",12.5,kVA,Image pending,Not stated,"₦950,000",,"₦1,235,000","₦285,000",30.0%,Default markup,,,,Available,15 Sep 2026,
INV-097,Inverters,Single-phase,LuxPower,LuxPower (July 2026 list),SNA-EU 14000,Single-phase 14kW inverter,14,kW,,2 years,"₦1,500,000",,"₦1,575,000","₦75,000",5.0%,Minimum margin,"₦1,400,000","₦1,550,000",,Available,1 Jul 2026,"Cost = installer (1-9 pcs); market ref = end-user (1-9 pcs). 10-50 pcs: ₦1,450,000. Over 50 pcs: bulk column. FOB US$750. Lagos price; outside Lagos add ₦10,000/pc logistics."
INV-098,Inverters,Single-phase,Solis,Solarpro Tech,S6-EH1P14K,14kW single-phase hybrid inverter,14,kW,,5 years,"₦2,420,000",,"₦2,640,000","₦220,000",9.1%,Capped at market price,"₦2,288,000","₦2,640,000",,Available,May 2026,
INV-099,Inverters,Single-phase,Deye,Dawnice Nigeria (reseller list),Deye 16kW Single / Three-Phase Inverter,"16kW inverter, single or three phase (model not stated)",16,kW,Image pending,Not stated,"₦3,600,000",,"₦4,000,000","₦400,000",11.1%,Capped at market price,"₦3,450,000","₦4,000,000",,Available,1-15 May 2026,Cost = under 5 pcs. Bulk = 5 pcs and above. Pick-up Lagos warehouse.
INV-100,Inverters,Single-phase,Deye,SMS Sunmate Solar (Deye Nigeria),SUN-16K-SG01LP1-EU-AM3,"16kW single-phase hybrid, 290A max charge / discharge, up to 16 units in parallel",16,kW,,5 years,"₦3,800,000",,"₦4,940,000","₦1,140,000",30.0%,Default markup,,,,Available,Sep 2025,
INV-101,Inverters,Single-phase,Solis,Solarpro Tech,S6-EH1P16K,16kW single-phase hybrid inverter,16,kW,,5 years,"₦2,530,000",,"₦2,760,000","₦230,000",9.1%,Capped at market price,"₦2,392,000","₦2,760,000",,Available,May 2026,
INV-102,Inverters,Single-phase,Solis,Solarpro Tech,S6-EH1P18K,18kW single-phase hybrid inverter,18,kW,,5 years,"₦2,585,000",,"₦2,820,000","₦235,000",9.1%,Capped at market price,"₦2,444,000","₦2,820,000",,Available,May 2026,
INV-103,Inverters,Three-phase (LV battery),itel,itel Energy (ESS list),itel IHY-8KL3 8kW 48V 3-Phase Hybrid Inverter,"8kW 48V three-phase hybrid inverter, IP66, MPPT, 16kW PV. 200% overload for 15s, 150% unbalanced three-phase output, up to 12 in parallel, on-grid / smart load / backup load",8,kW,,5 years replacement,"₦2,220,000",,"₦2,442,000","₦222,000",10.0%,Capped at market price,"₦2,100,000","₦2,442,000",,Available,Sep 2026,Cost = dealer price. Bulk column = distributor price. Market ref = itel retail price.
INV-104,Inverters,Three-phase (LV battery),Felicity,Felicity Solar (Level C list),IVGM10KLP3G1,"10kVA three-phase hybrid, 40-60V battery, MPPT 200-850V, 2 PV inputs (900V), up to 10 in parallel",10,kVA,Image pending,7 years,"₦1,889,000",,"₦2,455,700","₦566,700",30.0%,Default markup,,,,Available,May 2026 (list code 260510),Highlighted in yellow on the Felicity list
INV-105,Inverters,Three-phase (LV battery),LuxPower,LuxPower (July 2026 list),Trip2-LB-3P 10K,Three-phase 10kW hybrid inverter for low-voltage batteries,10,kW,,5 years,"₦2,200,000",,"₦2,310,000","₦110,000",5.0%,Minimum margin,"₦1,960,000","₦2,250,000",,Available,1 Jul 2026,"Cost = installer (1-9 pcs); market ref = end-user (1-9 pcs). 10-50 pcs: ₦2,150,000. Over 50 pcs: bulk column. FOB US$1,140. Lagos price."
INV-106,Inverters,Three-phase (LV battery),Deye,SMS Sunmate Solar (Deye Nigeria),SUN-12K-SG04LP3-EU-AM2,"12kW three-phase hybrid, 240A max charge / discharge, up to 10 units in parallel",12,kW,,5 years,"₦2,900,000",,"₦3,770,000","₦870,000",30.0%,Default markup,,,,Available,Sep 2025,
INV-107,Inverters,Three-phase (LV battery),Felicity,Felicity Solar (Level C list),IVGM12KLP3G1,"12kVA three-phase hybrid, 40-60V battery, MPPT 200-850V, 2 PV inputs (900V), up to 10 in parallel",12,kVA,Image pending,7 years,"₦2,363,000",,"₦3,071,900","₦708,900",30.0%,Default markup,,,,Available,May 2026 (list code 260510),Highlighted in yellow on the Felicity list
INV-108,Inverters,Three-phase (LV battery),LuxPower,LuxPower (July 2026 list),Trip2-LB-3P 12K,Three-phase 12kW hybrid inverter for low-voltage batteries,12,kW,,5 years,"₦2,250,000",,"₦2,362,500","₦112,500",5.0%,Minimum margin,"₦1,980,000","₦2,300,000",,Available,1 Jul 2026,"Cost = installer (1-9 pcs); market ref = end-user (1-9 pcs). 10-50 pcs: ₦2,150,000. Over 50 pcs: bulk column. FOB US$1,150. Lagos price."
INV-109,Inverters,Three-phase (LV battery),SRNE,SRNE (existing sheet),ASF48120SH3,"Three-phase 12kW 48V, 260A MPPT, max PV Voc 650Vdc",12,kW,,2 years,"₦1,137,000",,"₦1,478,100","₦341,100",30.0%,Default markup,,,,Promotion,Undated,
INV-110,Inverters,Three-phase (LV battery),SRNE,SRNE (existing sheet),ASP48120SH3,"Three-phase 12kW 48V, 260A MPPT, max PV Voc 650Vdc",12,kW,,2 years,"₦1,321,000",,"₦1,717,300","₦396,300",30.0%,Default markup,,,,Available,Undated,
INV-111,Inverters,Three-phase (LV battery),SRNE,SRNE (existing sheet),HESP48120SH3,"Three-phase 12kW 48V, 260A MPPT, max PV Voc 650Vdc, IP65",12,kW,,5 years,"₦2,422,000",,"₦3,148,600","₦726,600",30.0%,Default markup,,,,Available,Undated,
INV-112,Inverters,Three-phase (LV battery),itel,itel Energy (ESS list),itel IHY-12KL3 12kW 48V 3-Phase Hybrid Inverter,"12kW 48V three-phase hybrid inverter, IP66, MPPT, 24kW PV. 200% overload for 15s, 150% unbalanced three-phase output, up to 12 in parallel, on-grid / smart load / backup load",12,kW,,5 years replacement,"₦2,340,000",,"₦2,574,000","₦234,000",10.0%,Capped at market price,"₦2,210,000","₦2,574,000",,Available,Sep 2026,Cost = dealer price. Bulk column = distributor price. Market ref = itel retail price.
INV-113,Inverters,Three-phase (LV battery),Felicity,Felicity Solar (Level C list),IVGM15KLP3G1,"15kVA three-phase hybrid, 40-60V battery, MPPT 200-850V, 2 PV inputs (900V), up to 10 in parallel",15,kVA,Image pending,7 years,"₦2,533,000",,"₦3,292,900","₦759,900",30.0%,Default markup,,,,Available,May 2026 (list code 260510),Highlighted in yellow on the Felicity list
INV-114,Inverters,Three-phase (LV battery),LuxPower,LuxPower (July 2026 list),Trip2-LB-3P 15K,Three-phase 15kW hybrid inverter for low-voltage batteries,15,kW,,5 years,"₦2,300,000",,"₦2,415,000","₦115,000",5.0%,Minimum margin,"₦1,999,000","₦2,350,000",,Available,1 Jul 2026,"Cost = installer (1-9 pcs); market ref = end-user (1-9 pcs). 10-50 pcs: ₦2,200,000. Over 50 pcs: bulk column. FOB US$1,160. Lagos price."
INV-115,Inverters,Three-phase (LV battery),Deye,SMS Sunmate Solar (Deye Nigeria),SUN-16K-SG05LP3-EU-SM2,"16kW three-phase hybrid, 300A max charge / discharge, up to 10 units in parallel",16,kW,,5 years,"₦3,800,000",,"₦4,940,000","₦1,140,000",30.0%,Default markup,,,,Available,Sep 2025,
INV-116,Inverters,Three-phase (LV battery),Felicity,Felicity Solar (Level C list),IVGM16KLP3G1,"16kVA three-phase hybrid, 40-60V battery, MPPT 200-850V, 2 PV inputs (900V), up to 10 in parallel",16,kVA,Image pending,7 years,"₦2,612,000",,"₦3,395,600","₦783,600",30.0%,Default markup,,,,Available,May 2026 (list code 260510),Highlighted in yellow on the Felicity list
INV-117,Inverters,Three-phase (LV battery),Deye,SMS Sunmate Solar (Deye Nigeria),SUN-20K-SG05LP3-EU-SM2,"20kW three-phase hybrid, 350A max charge / discharge, up to 10 units in parallel",20,kW,,5 years,"₦4,600,000",,"₦5,980,000","₦1,380,000",30.0%,Default markup,,,,Available,Sep 2025,
INV-118,Inverters,Three-phase (LV battery),Felicity,Felicity Solar (Level C list),IVGM20KLP3G1,"20kVA three-phase hybrid, 40-60V battery, MPPT 160-650V, 4 PV inputs (800V), up to 10 in parallel",20,kVA,Image pending,7 years,"₦2,925,000",,"₦3,802,500","₦877,500",30.0%,Default markup,,,,Available,May 2026 (list code 260510),Highlighted in yellow on the Felicity list
INV-119,Inverters,Three-phase (LV battery),LuxPower,LuxPower (July 2026 list),Trip2-LB-3P 20K,Three-phase 20kW hybrid inverter for low-voltage batteries,20,kW,,5 years,"₦2,350,000",,"₦2,467,500","₦117,500",5.0%,Minimum margin,"₦2,030,000","₦2,400,000",,Available,1 Jul 2026,"Cost = installer (1-9 pcs); market ref = end-user (1-9 pcs). 10-50 pcs: ₦2,250,000. Over 50 pcs: bulk column. FOB US$1,180. Lagos price."
INV-120,Inverters,Three-phase (LV battery),SRNE,SRNE (existing sheet),ASP48200SH3,"Three-phase 20kW 48V, 360A MPPT, MPPT range 160-800V",20,kW,,2 years,"₦2,706,000",,"₦3,517,800","₦811,800",30.0%,Default markup,,,,New,Undated,
INV-121,Inverters,Three-phase (LV battery),SRNE,SRNE (existing sheet),HESP48200SH3,"Three-phase 20kW 48V, 350A MPPT, MPPT range 160-800V, IP65",20,kW,,5 years,"₦4,007,000",,"₦5,209,100","₦1,202,100",30.0%,Default markup,,,,New,Undated,
INV-122,Inverters,Three-phase (LV battery),Felicity,Felicity Solar (Level C list),IVGM30KLP3G1,"30kVA three-phase hybrid, 40-60V battery, MPPT 200-850V, 2 PV inputs (900V), up to 10 in parallel",30,kVA,Image pending,7 years,"₦3,866,000",,"₦5,025,800","₦1,159,800",30.0%,Default markup,,,,Available,May 2026 (list code 260510),Highlighted in yellow on the Felicity list
INV-123,Inverters,Three-phase (battery voltage not stated),Solis,Solarpro Tech,S6-EH3P15KW,15kW three-phase hybrid inverter,15,kW,,5 years,,,,,,,,,,Coming soon,May 2026,
INV-124,Inverters,Three-phase (battery voltage not stated),Deye,Dawnice Nigeria (reseller list),Deye 18kW Three-Phase Inverter,18kW three-phase inverter (model not stated),18,kW,Image pending,Not stated,"₦3,900,000",,"₦4,900,000","₦1,000,000",25.6%,Capped at market price,"₦3,800,000","₦4,900,000",,Available,1-15 May 2026,Cost = under 5 pcs. Bulk = 5 pcs and above. Pick-up Lagos warehouse.
INV-125,Inverters,Three-phase (battery voltage not stated),Deye,Dawnice Nigeria (reseller list),Deye 20kW Three-Phase Inverter,20kW three-phase inverter (model not stated),20,kW,Image pending,Not stated,"₦4,250,000",,"₦4,500,000","₦250,000",5.9%,Capped at market price,"₦4,150,000","₦4,500,000",,Available,1-15 May 2026,Cost = under 5 pcs. Bulk = 5 pcs and above. Pick-up Lagos warehouse.
INV-126,Inverters,Three-phase (HV battery),SRNE,SRNE (existing sheet),HESP120SH3,"Three-phase 12kW high-voltage (300V) hybrid, 16A + 16A MPPT, max PV Voc 650Vdc, IP65",12,kW,,5 years,"₦2,276,000",,"₦2,958,800","₦682,800",30.0%,Default markup,,,,New,Undated,
INV-127,Inverters,Three-phase (HV battery),LuxPower,LuxPower (July 2026 list),TRIP2-HB-EU 15K,Three-phase 15kW hybrid inverter for high-voltage batteries,15,kW,,5 years,"₦2,100,000",,"₦2,300,000","₦200,000",9.5%,Capped at market price,"₦1,893,000","₦2,300,000",,Available,1 Jul 2026,"Cost = installer (1-9 pcs); market ref = end-user (1-9 pcs). 10-50 pcs: ₦1,950,000. Over 50 pcs: bulk column. FOB US$1,100. Lagos price."
INV-128,Inverters,Three-phase (HV battery),LuxPower,LuxPower (July 2026 list),TRIP2-HB-EU 20K,Three-phase 20kW hybrid inverter for high-voltage batteries,20,kW,,5 years,"₦2,200,000",,"₦2,400,000","₦200,000",9.1%,Capped at market price,"₦1,968,000","₦2,400,000",,Available,1 Jul 2026,"Cost = installer (1-9 pcs); market ref = end-user (1-9 pcs). 10-50 pcs: ₦2,100,000. Over 50 pcs: bulk column. FOB US$1,145. Lagos price."
INV-129,Inverters,Three-phase (HV battery),LuxPower,LuxPower (July 2026 list),Trip-HB-EU 20K,Three-phase 20kW hybrid inverter for high-voltage batteries,20,kW,,5 years,"₦2,300,000",,"₦2,415,000","₦115,000",5.0%,Minimum margin,"₦1,962,000","₦2,400,000",,Available,1 Jul 2026,"Cost = installer (1-9 pcs); market ref = end-user (1-9 pcs). 10-50 pcs: ₦2,200,000. Over 50 pcs: bulk column. FOB US$1,179. Lagos price."
INV-130,Inverters,Three-phase (HV battery),LuxPower,LuxPower (July 2026 list),TRIP2-HB-EU 25K,Three-phase 25kW hybrid inverter for high-voltage batteries,25,kW,,5 years,"₦2,250,000",,"₦2,500,000","₦250,000",11.1%,Capped at market price,"₦1,992,000","₦2,500,000",,Available,1 Jul 2026,"Cost = installer (1-9 pcs); market ref = end-user (1-9 pcs). 10-50 pcs: ₦2,150,000. Over 50 pcs: bulk column. FOB US$1,160. Lagos price."
INV-131,Inverters,Three-phase (HV battery),LuxPower,LuxPower (July 2026 list),Trip-HB-EU 25K,Three-phase 25kW hybrid inverter for high-voltage batteries,25,kW,,5 years,"₦2,550,000",,"₦2,677,500","₦127,500",5.0%,Minimum margin,"₦2,320,000","₦2,650,000",,Available,1 Jul 2026,"Cost = installer (1-9 pcs); market ref = end-user (1-9 pcs). 10-50 pcs: ₦2,400,000. Over 50 pcs: bulk column. FOB US$1,400. Lagos price."
INV-132,Inverters,Three-phase (HV battery),Deye,SMS Sunmate Solar (Deye Nigeria),SUN-30K-SG02HP3-EU-AM3,"30kW three-phase high-voltage hybrid, 75A max charge / discharge, up to 10 units in parallel",30,kW,,5 years,"₦5,600,000",,"₦7,280,000","₦1,680,000",30.0%,Default markup,,,,Available,Sep 2025,
INV-133,Inverters,Three-phase (HV battery),LuxPower,LuxPower (July 2026 list),TRIP2-HB-EU 30K,Three-phase 30kW hybrid inverter for high-voltage batteries,30,kW,,5 years,"₦2,300,000",,"₦2,600,000","₦300,000",13.0%,Capped at market price,"₦2,026,000","₦2,600,000",,Available,1 Jul 2026,"Cost = installer (1-9 pcs); market ref = end-user (1-9 pcs). 10-50 pcs: ₦2,200,000. Over 50 pcs: bulk column. FOB US$1,180. Lagos price."
INV-134,Inverters,Three-phase (HV battery),Solis,Solarpro Tech,S6-EH3P30K-H,30kW three-phase high-voltage hybrid inverter,30,kW,,5 years,"₦4,209,920",,"₦4,592,640","₦382,720",9.1%,Capped at market price,"₦3,827,200","₦4,592,640",,Available,May 2026,
INV-135,Inverters,Three-phase (HV battery),Deye,Dawnice Nigeria (reseller list),SUN-50K-SG01HP3-EU-BM4,50kW three-phase high-voltage hybrid inverter,50,kW,,Not stated,"₦6,500,000",,"₦7,500,000","₦1,000,000",15.4%,Capped at market price,"₦6,400,000","₦7,500,000",,Available,1-15 May 2026,"Cost = under 5 pcs. Bulk = 5 pcs and above. Pick-up Lagos warehouse. SMS Sunmate lists the same model at ₦7,600,000"
INV-136,Inverters,Three-phase (HV battery),Deye,SMS Sunmate Solar (Deye Nigeria),SUN-50K-SG01HP3-EU-BM4,"50kW three-phase high-voltage hybrid, 100A max charge / discharge, generator energy storage, up to 10 in parallel",50,kW,,5 years,"₦7,600,000",,"₦9,880,000","₦2,280,000",30.0%,Default markup,,,,Available,Sep 2025,
INV-137,Inverters,Three-phase (HV battery),Felicity,Felicity Solar (Level C list),T-REX-50KHP3G01,"50kVA / 400V three-phase hybrid, MPPT 250-1000V, 4 MPPT / 8 strings, up to 6 in parallel",50,kVA,Image pending,7 years,"₦5,114,000",,"₦6,648,200","₦1,534,200",30.0%,Default markup,,,,Available,May 2026 (list code 260510),
INV-138,Inverters,Three-phase (HV battery),Solis,Solarpro Tech,S6-EH3P50K-H,50kW three-phase high-voltage hybrid inverter,50,kW,,5 years,"₦5,948,800",,"₦6,489,600","₦540,800",9.1%,Capped at market price,"₦5,408,000","₦6,489,600",,Available,May 2026,
INV-139,Inverters,Three-phase (HV battery),itel,itel Energy (ESS list),itel IHY-50KH3S 50kW 3-Phase C&I Hybrid Inverter,"50kW three-phase hybrid inverter, IP66, 4 MPPT trackers. Pairs with the itel 16kWh stackable battery. PV input up to 75kW, battery range 150-840V, 150% backup overload for 10s, up to 10 in parallel (on-grid)",50,kW,,5 years replacement,"₦6,820,000",,"₦7,502,000","₦682,000",10.0%,Capped at market price,"₦6,450,000","₦7,502,000",,Available,Sep 2026,Cost = dealer price. Bulk column = distributor price. Market ref = itel retail price.
INV-140,Inverters,Three-phase (HV battery),Deye,Dawnice Nigeria (reseller list),SUN-60K-SG02HP3-EU-BM4,60kW three-phase high-voltage hybrid inverter,60,kW,Image pending,Not stated,"₦8,500,000",,"₦11,050,000","₦2,550,000",30.0%,Default markup,"₦7,500,000","₦12,200,000",,Available,1-15 May 2026,Cost = under 5 pcs. Bulk = 5 pcs and above. Pick-up Lagos warehouse.
INV-141,Inverters,Three-phase (HV battery),Deye,Dawnice Nigeria (reseller list),SUN-80K-SG02HP3-EU-EM6,80kW three-phase high-voltage hybrid inverter,80,kW,,Not stated,"₦9,800,000",,"₦12,740,000","₦2,940,000",30.0%,Default markup,"₦9,500,000","₦12,800,000",,Available,1-15 May 2026,"Cost = under 5 pcs. Bulk = 5 pcs and above. Pick-up Lagos warehouse. SMS Sunmate lists the same model at ₦11,000,000"
INV-142,Inverters,Three-phase (HV battery),Deye,SMS Sunmate Solar (Deye Nigeria),SUN-80K-SG02HP3-EU-EM6,"80kW three-phase high-voltage hybrid, 160A max charge / discharge, generator energy storage, up to 10 in parallel",80,kW,,5 years,"₦11,000,000",,"₦14,300,000","₦3,300,000",30.0%,Default markup,,,,Available,Sep 2025,
INV-143,Inverters,Three-phase (HV battery),Solis,Solarpro Tech,S6-EH3P125K-H,125kW three-phase high-voltage hybrid inverter,125,kW,Image pending,5 years,,,,,,,,,,Coming soon,May 2026,
INV-144,Inverters,Commercial PCS,SRNE,SRNE (existing sheet),IESP600SH3,"60kW three-phase hybrid PCS, battery 150-820Vdc, 4 x 600V PV inputs (40A each), 75A + 75A charge / discharge, 6ms switching",60,kW,,5 years,"₦6,988,000",,"₦9,084,400","₦2,096,400",30.0%,Default markup,,,,New,Undated,
BAT-001,Batteries,Low voltage (12V / 24V),Felicity,Felicity Solar (Level C list),FLA12100,1.25kWh 12V lithium battery,1.25,kWh,Image pending,5 years,"₦318,000",,"₦413,400","₦95,400",30.0%,Default markup,,,,Available,May 2026 (list code 260510),
BAT-002,Batteries,Low voltage (12V / 24V),itel,itel Energy (ESS list),itel IPB-12100 12V 100Ah Li-ion Battery + Charger,12V 100Ah lithium-ion battery with AC charger and Bluetooth,1.28,kWh,,Not stated,"₦210,000",,"₦231,000","₦21,000",10.0%,Capped at market price,"₦199,000","₦231,000",,Available,Sep 2026,Cost = dealer price. Bulk column = distributor price. Market ref = itel retail price. kWh assumes 12.8V
BAT-003,Batteries,Low voltage (12V / 24V),Felicity,Felicity Solar (Level C list),FLA12200,2.5kWh 12V lithium battery,2.5,kWh,Image pending,5 years,"₦481,000",,"₦625,300","₦144,300",30.0%,Default markup,,,,Available,May 2026 (list code 260510),
BAT-004,Batteries,Low voltage (12V / 24V),Felicity,Felicity Solar (Level C list),FLA24100,2.5kWh 24V lithium battery,2.5,kWh,Image pending,7 years,"₦671,000",,"₦872,300","₦201,300",30.0%,Default markup,,,,Available,May 2026 (list code 260510),
BAT-005,Batteries,Low voltage (12V / 24V),itel,itel Energy (ESS list),itel IPW-25100 2.5kWh 24V Wall-Mount Battery,"2.5kWh 24V 100Ah lithium-ion battery, wall mount. Class-A LiFePO4, 6000+ cycles, smart BMS, up to 15 in parallel",2.5,kWh,,5 years replacement,"₦547,000",,"₦601,700","₦54,700",10.0%,Capped at market price,"₦516,000","₦601,700",,Available,Sep 2026,Cost = dealer price. Bulk column = distributor price. Market ref = itel retail price.
BAT-006,Batteries,Low voltage (12V / 24V),SRNE,SRNE (existing sheet),EOS02B-12,"2.56kWh 12V 200Ah, up to 4 in parallel (10.24kWh), LiFePO4, 6000 cycles at 80% DOD",2.56,kWh,,5 years,"₦422,000",,"₦548,600","₦126,600",30.0%,Default markup,,,,Promotion,Undated,
BAT-007,Batteries,Low voltage (12V / 24V),SRNE,SRNE (existing sheet),EOS02B-24,"2.56kWh 24V 100Ah, up to 4 in parallel (10.24kWh), LiFePO4, 6000 cycles at 80% DOD",2.56,kWh,,5 years,"₦422,001",,"₦548,601","₦126,600",30.0%,Default markup,,,,Available,Undated,"Source shows ₦422,001, probably ₦422,000"
BAT-008,Batteries,Low voltage (12V / 24V),Blue Carbon,Exulted (dealer list),Blue Carbon 5kWh Non-Smart Flat,"5kWh lithium battery, non-smart flat",5,kWh,Image pending,Not stated,"₦850,000",,"₦1,105,000","₦255,000",30.0%,Default markup,,,,Available,15 Sep 2026, Voltage not stated
BAT-009,Batteries,Low voltage (12V / 24V),Blue Carbon,Exulted (dealer list),Blue Carbon 5kWh Non-Smart Slim,"5kWh lithium battery, non-smart slim",5,kWh,Image pending,Not stated,"₦850,000",,"₦1,105,000","₦255,000",30.0%,Default markup,,,,Available,15 Sep 2026, Voltage not stated
BAT-010,Batteries,Low voltage (12V / 24V),Blue Carbon,Blue Carbon Nigeria,5kWh 24V/200Ah Smart BMS,5kWh 24V/200Ah Smart BMS lithium-ion battery,5,kWh,Image pending,Not stated,"₦950,000",,"₦1,235,000","₦285,000",30.0%,Default markup,,,,Available,Undated,
BAT-011,Batteries,Low voltage (12V / 24V),Blue Carbon,Blue Carbon Nigeria,5kWh 24V/200Ah Stackable,5kWh 24V/200Ah Stackable lithium-ion battery,5,kWh,Image pending,Not stated,"₦1,000,000",,"₦1,300,000","₦300,000",30.0%,Default markup,,,,Available,Undated,"Source reads ""24v/200ah Stackable 48V"". Confirm voltage"
BAT-012,Batteries,Low voltage (12V / 24V),Blue Carbon,Blue Carbon Nigeria,5kWh 24V/200Ah Smart BMS Table Top,5kWh 24V/200Ah Smart BMS Table Top lithium-ion battery,5,kWh,Image pending,Not stated,"₦1,000,000",,"₦1,300,000","₦300,000",30.0%,Default markup,,,,Not available,Undated,
BAT-013,Batteries,Low voltage (12V / 24V),Felicity,Felicity Solar (Level C list),FL-LPBF24200,5kWh 24V lithium battery,5,kWh,Image pending,5 years,"₦944,000",,"₦1,227,200","₦283,200",30.0%,Default markup,,,,Available,May 2026 (list code 260510),
BAT-014,Batteries,Low voltage (12V / 24V),Felicity,Felicity Solar (Level C list),FLA24200,5kWh 24V lithium battery,5,kWh,Image pending,7 years,"₦1,007,000",,"₦1,309,100","₦302,100",30.0%,Default markup,,,,Available,May 2026 (list code 260510),
BAT-015,Batteries,Low voltage (12V / 24V),itel,itel Energy (ESS list),itel IPL-25200X 5kWh 24V Wall-Mount Battery,"5kWh 24V 200Ah lithium-ion battery, wall mount. Class-A LiFePO4, 6000+ cycles, smart BMS, up to 15 in parallel",5,kWh,,5 years replacement,"₦943,000",,"₦1,037,300","₦94,300",10.0%,Capped at market price,"₦890,000","₦1,037,300",,Available,Sep 2026,Cost = dealer price. Bulk column = distributor price. Market ref = itel retail price.
BAT-016,Batteries,Low voltage (12V / 24V),AlpSolarr,AlpSolarr (existing sheet),LIVO Low Voltage Battery,"5.12kWh low-voltage lithium battery, LiFePO4, 6000 cycles at 80% DOD",5.12,kWh,,5 years,"₦1,050,000",,"₦1,365,000","₦315,000",30.0%,Default markup,,,,Available,Undated,"Source says 24V 100Ah, which does not add up to 5.12kWh. Confirm voltage"
BAT-017,Batteries,Low voltage (12V / 24V),Bread,Bread Energy Store,5.12kWh 25.6V Rack Mounted,"5.12kWh 25.6V 200Ah rack module, up to 20 in parallel, LiFePO4, 6000 cycles at 80% DOD",5.12,kWh,,5 years,"₦1,050,000",,"₦1,365,000","₦315,000",30.0%,Default markup,,,3 pcs,Available,Updated list (latest),"Previous price ₦850,000"
BAT-018,Batteries,Low voltage (12V / 24V),SRNE,SRNE (existing sheet),EOS08B-24,"7.16kWh 24V 280Ah, up to 4 in parallel (28.64kWh), LiFePO4, 6000 cycles at 80% DOD",7.16,kWh,,5 years,"₦1,348,000",,"₦1,752,400","₦404,400",30.0%,Default markup,,,,Available,Undated,
BAT-019,Batteries,Low voltage (12V / 24V),Bread,Bread Energy Store,7.17kWh 25.6V Wall Mounted,"7.17kWh 25.6V wall-mount battery, up to 4 in parallel, LiFePO4, 6000 cycles at 80% DOD",7.17,kWh,,5 years,"₦1,100,000",,"₦1,430,000","₦330,000",30.0%,Default markup,,,3 pcs,Available,Updated list (latest),
BAT-020,Batteries,Low voltage (12V / 24V),Blue Carbon,Blue Carbon Nigeria,7.5kWh 24V/300Ah Stackable,7.5kWh 24V/300Ah Stackable lithium-ion battery,7.5,kWh,Image pending,Not stated,"₦1,150,000",,"₦1,495,000","₦345,000",30.0%,Default markup,,,,Available,Undated,
BAT-021,Batteries,Low voltage (12V / 24V),Blue Carbon,Blue Carbon Nigeria,7.5kWh 24V/300Ah Table Top,7.5kWh 24V/300Ah Table Top lithium-ion battery,7.5,kWh,Image pending,Not stated,"₦1,150,000",,"₦1,495,000","₦345,000",30.0%,Default markup,,,,Available,Undated,
BAT-022,Batteries,Low voltage (12V / 24V),LuxPower,LuxPower (July 2026 list),Li-7.5,25.6V 7.5kWh lithium battery,7.5,kWh,,5 years,"₦1,195,000",,"₦1,254,750","₦59,750",5.0%,Minimum margin,"₦1,098,000","₦1,250,000",,Available,1 Jul 2026,"Cost = installer (1-9 pcs); market ref = end-user (1-9 pcs). 10-50 pcs: ₦1,130,000. Over 50 pcs: bulk column. FOB US$625. Lagos price; outside Lagos add ₦15,000/pc logistics. Older sheet showed 10 years warranty; July list says 5 years"
BAT-023,Batteries,Low voltage (12V / 24V),Sungene,Solarpro Tech (INFINI / Sungene list),Sungene 7.6kWh 24V/300Ah,7.6kWh 24V 300Ah lithium battery,7.6,kWh,,2 years,"₦730,000",,"₦766,500","₦36,500",5.0%,Minimum margin,"₦710,000","₦750,000",,Available,"Week 13, 2026",
BAT-024,Batteries,Low voltage (48V / 51.2V),Bread,Bread Energy Store,4.8kWh 48V Wall Mounted,"4.8kWh 48V 100Ah wall-mount battery, LiFePO4, 6000 cycles at 80% DOD",4.8,kWh,,5 years,"₦1,050,000",,"₦1,365,000","₦315,000",30.0%,Default markup,,,3 pcs,Available,Updated list (latest),"Previous price ₦1,000,000"
BAT-025,Batteries,Low voltage (48V / 51.2V),AlpSolarr,AlpSolarr installer list,Livo-Y Lithium Battery,5kWh 51.2V lithium battery,5,kWh,,5 years replacement,"₦880,000",,"₦1,144,000","₦264,000",30.0%,Default markup,,,,New,Undated,
BAT-026,Batteries,Low voltage (48V / 51.2V),Dawnice,Dawnice Nigeria (reseller list),Dawnice 5kWh Residential Battery,5kWh residential lithium battery,5,kWh,,10 years (free replacement first 5 years),"₦1,330,000",,"₦1,550,000","₦220,000",16.5%,Capped at market price,"₦1,150,000","₦1,550,000",,Available,1-15 May 2026,Cost = under 10 pcs. Bulk = 10 pcs and above. Pick-up Lagos or Abuja warehouse. Picture from the earlier Dawnice sheet.
BAT-027,Batteries,Low voltage (48V / 51.2V),Felicity,Felicity Solar (Level C list),AI100-B5,5kWh 48V lithium battery for AI100-5048 and AI100-8048 systems,5,kWh,Image pending,5 years,"₦1,065,000",,"₦1,384,500","₦319,500",30.0%,Default markup,,,,Available,May 2026 (list code 260510),
BAT-028,Batteries,Low voltage (48V / 51.2V),Felicity,Felicity Solar (Level C list),FL-LPBF48100,5kWh 48V lithium battery,5,kWh,Image pending,5 years,"₦1,076,000",,"₦1,398,800","₦322,800",30.0%,Default markup,,,,Available,May 2026 (list code 260510),
BAT-029,Batteries,Low voltage (48V / 51.2V),Felicity,Felicity Solar (Level C list),FLA48100,5kWh 51.2V lithium battery,5,kWh,Image pending,7 years,"₦1,103,000",,"₦1,433,900","₦330,900",30.0%,Default markup,,,,Available,May 2026 (list code 260510),
BAT-030,Batteries,Low voltage (48V / 51.2V),Fine Tech,Exulted (dealer list),Fine Tech 5kWh 48V Lithium Battery,5kWh 48V lithium battery,5,kWh,Image pending,Not stated,"₦950,000",,"₦1,235,000","₦285,000",30.0%,Default markup,,,,Available,15 Sep 2026,
BAT-031,Batteries,Low voltage (48V / 51.2V),LuxPower,LuxPower (July 2026 list),ECO Beast 5kWh Battery,5kWh battery module for the ECO Beast 6000,5,kWh,,10 years,"₦920,000",,"₦966,000","₦46,000",5.0%,Minimum margin,"₦820,000","₦940,000",,Available,1 Jul 2026,"Cost = installer (1-9 pcs); market ref = end-user (1-9 pcs). 10-50 pcs: ₦850,000. Over 50 pcs: bulk column. FOB US$471. Lagos price; outside Lagos add ₦15,000/pc logistics."
BAT-032,Batteries,Low voltage (48V / 51.2V),itel,itel Energy (ESS list),itel IPL-51100 5kWh 48V Stackable Battery,"5kWh 48V 100Ah lithium-ion battery, stackable. Class-A LiFePO4, 6000+ cycles, smart BMS, talks to mainstream inverters, up to 15 in parallel",5,kWh,,5 years replacement,"₦905,000",,"₦995,500","₦90,500",10.0%,Capped at market price,"₦855,000","₦995,500",,Available,Sep 2026,Cost = dealer price. Bulk column = distributor price. Market ref = itel retail price.
BAT-033,Batteries,Low voltage (48V / 51.2V),itel,itel Energy (ESS list),itel IPW-51100 5kWh 48V Wall-Mount Battery,"5kWh 48V 100Ah lithium-ion battery, wall mount. Class-A LiFePO4, 6000+ cycles, smart BMS, up to 15 in parallel",5,kWh,,5 years replacement,"₦910,000",,"₦1,001,000","₦91,000",10.0%,Capped at market price,"₦857,000","₦1,001,000",,Available,Sep 2026,Cost = dealer price. Bulk column = distributor price. Market ref = itel retail price.
BAT-034,Batteries,Low voltage (48V / 51.2V),Bread,Bread Energy Store,5.12kWh 51.2V Wall Mounted,"5.12kWh 51.2V wall-mount battery, LiFePO4, 6000 cycles at 80% DOD",5.12,kWh,,5 years,"₦1,200,000",,"₦1,560,000","₦360,000",30.0%,Default markup,,,3 pcs,Available,Updated list (latest),
BAT-035,Batteries,Low voltage (48V / 51.2V),Dawnice,Dawnice (existing sheet),HZEB-LCT-5,"5.12kWh lithium battery, LiFePO4, 6000 cycles at 80% DOD",5.12,kWh,,5 years,"₦1,150,000",,"₦1,495,000","₦345,000",30.0%,Default markup,,,,Not on latest list,Undated,Older Dawnice price. Superseded by the Dawnice May 2026 list (see Dawnice Nigeria rows)
BAT-036,Batteries,Low voltage (48V / 51.2V),Deye,SMS Sunmate Solar (Deye Nigeria),SE-G5.1,"5.12kWh 51.2V 100Ah LiFePO4, operating 44.8-57.6V, up to 64 in parallel (327kWh)",5.12,kWh,,5 years,"₦1,200,000",,"₦1,560,000","₦360,000",30.0%,Default markup,,,,Available,Sep 2025,
BAT-037,Batteries,Low voltage (48V / 51.2V),LuxPower,LuxPower (July 2026 list),Li-5,"Li-5 V2, 48V 5.12kWh lithium battery",5.12,kWh,,10 years,"₦955,000",,"₦1,100,000","₦145,000",15.2%,Capped at market price,"₦889,000","₦1,100,000",,Available,1 Jul 2026,"Cost = installer (1-9 pcs); market ref = end-user (1-9 pcs). 10-50 pcs: ₦915,000. Over 50 pcs: bulk column. FOB US$505. Lagos price; outside Lagos add ₦15,000/pc logistics."
BAT-038,Batteries,Low voltage (48V / 51.2V),LuxPower,LuxPower (July 2026 list),PGEM (PowerGem),48V 5.12kWh lithium battery,5.12,kWh,,10 years,"₦1,000,000",,"₦1,050,000","₦50,000",5.0%,Capped at market price,"₦922,000","₦1,050,000",,Available,1 Jul 2026,"Cost = installer (1-9 pcs); market ref = end-user (1-9 pcs). 10-50 pcs: ₦950,000. Over 50 pcs: bulk column. FOB US$515. Lagos price; outside Lagos add ₦15,000/pc logistics."
BAT-039,Batteries,Low voltage (48V / 51.2V),LuxPower,LuxPower (July 2026 list),PSTACK Battery Module,Stackable battery module for PSTACK systems (5.12kWh per the older sheet),5.12,kWh,,10 years,"₦1,250,000",,"₦1,625,000","₦375,000",30.0%,Default markup,"₦1,150,000",,,Available,1 Jul 2026,"Cost = installer (1-9 pcs); no end-user price given. 10-50 pcs: ₦1,200,000. Over 50 pcs: bulk column. FOB US$660. Lagos price; outside Lagos add ₦15,000/pc logistics."
BAT-040,Batteries,Low voltage (48V / 51.2V),SRNE,SRNE (existing sheet),SE05B,"5.12kWh 48V 100Ah, up to 16 in parallel (81.92kWh), WiFi & Bluetooth, LiFePO4, 6000 cycles at 80% DOD",5.12,kWh,,5 years,"₦953,000",,"₦1,238,900","₦285,900",30.0%,Default markup,,,,Promotion,Undated,
BAT-041,Batteries,Low voltage (48V / 51.2V),SRNE,SRNE (existing sheet),EOC05B,"5.12kWh 51.2V 100Ah, up to 4 in parallel, LiFePO4, 6000 cycles at 80% DOD",5.12,kWh,,5 years,"₦1,019,000",,"₦1,324,700","₦305,700",30.0%,Default markup,,,,Promotion,Undated,
BAT-042,Batteries,Low voltage (48V / 51.2V),SRNE,SRNE (existing sheet),EOS05B-Pro,"5.12kWh 51.2V 100Ah, up to 16 in parallel (81.92kWh), LiFePO4, 6000 cycles at 80% DOD",5.12,kWh,,10 years,"₦1,219,000",,"₦1,584,700","₦365,700",30.0%,Default markup,,,,Available,Undated,
BAT-043,Batteries,Low voltage (48V / 51.2V),Taico,Taico (existing sheet),TKPW-5500,"5.12kWh lithium battery, LiFePO4, 6000 cycles at 80% DOD",5.12,kWh,,5 years,"₦1,050,000",,"₦1,365,000","₦315,000",30.0%,Default markup,,,,Available,Undated,Voltage / Ah on the source sheet do not match the kWh rating. Confirm specs
BAT-044,Batteries,Low voltage (48V / 51.2V),Felicity,Felicity Solar (Level C list),FL-LPBF48150,7.2kWh 48V lithium battery,7.2,kWh,Image pending,5 years,"₦1,212,000",,"₦1,575,600","₦363,600",30.0%,Default markup,,,,Available,May 2026 (list code 260510),
BAT-045,Batteries,Low voltage (48V / 51.2V),Bread,Bread Energy Store,9.6kWh Rack Battery,"9.6kWh rack-mount battery module, LiFePO4, 6000 cycles at 80% DOD",9.6,kWh,,5 years,"₦1,700,000",,"₦2,210,000","₦510,000",30.0%,Default markup,,,3 pcs,Promotion,Updated list (latest),"Previous price ₦1,650,000"
BAT-046,Batteries,Low voltage (48V / 51.2V),Bread,Bread Energy Store,9.6kWh 48V on Wheels,"9.6kWh 48V 200Ah wall-mount with wheels, LiFePO4, 6000 cycles at 80% DOD",9.6,kWh,,5 years,"₦1,800,000",,"₦2,340,000","₦540,000",30.0%,Default markup,,,3 pcs,Available,Updated list (latest),"Previous price ₦1,750,000"
BAT-047,Batteries,Low voltage (48V / 51.2V),Blue Carbon,Exulted (dealer list),Blue Carbon 10kWh Non-Smart Flat / Stackable,"10kWh lithium battery, non-smart flat / stackable",10,kWh,Image pending,Not stated,"₦1,450,000",,"₦1,885,000","₦435,000",30.0%,Default markup,,,,Available,15 Sep 2026,"Blue Carbon direct list: ₦1,550,000 (non-smart)"
BAT-048,Batteries,Low voltage (48V / 51.2V),Blue Carbon,Exulted (dealer list),Blue Carbon 10kWh Smart Slim / Flat,"10kWh lithium battery, smart slim / flat",10,kWh,Image pending,Not stated,"₦1,500,000",,"₦1,950,000","₦450,000",30.0%,Default markup,,,,Available,15 Sep 2026,"Dealer range ₦1,450,000 to ₦1,500,000; cost set at the top of the range. Blue Carbon direct list: ₦1,600,000 (smart)"
BAT-049,Batteries,Low voltage (48V / 51.2V),Blue Carbon,Blue Carbon Nigeria,10kWh 48V/200Ah Non-Smart BMS,10kWh 48V/200Ah Non-Smart BMS lithium-ion battery,10,kWh,Image pending,Not stated,"₦1,550,000",,"₦2,015,000","₦465,000",30.0%,Default markup,,,,Available,Undated,
BAT-050,Batteries,Low voltage (48V / 51.2V),Blue Carbon,Blue Carbon Nigeria,10kWh 48V/200Ah Table Top,10kWh 48V/200Ah Table Top lithium-ion battery,10,kWh,Image pending,Not stated,"₦1,550,000",,"₦2,015,000","₦465,000",30.0%,Default markup,,,,Available,Undated,
BAT-051,Batteries,Low voltage (48V / 51.2V),Blue Carbon,Blue Carbon Nigeria,10kWh 48V/200Ah Smart BMS,10kWh 48V/200Ah Smart BMS lithium-ion battery,10,kWh,Image pending,Not stated,"₦1,600,000",,"₦2,080,000","₦480,000",30.0%,Default markup,,,,Available,Undated,
BAT-052,Batteries,Low voltage (48V / 51.2V),Dawnice,Dawnice Nigeria (reseller list),Dawnice 10kWh Residential Battery,10kWh residential lithium battery,10,kWh,,10 years (free replacement first 5 years),"₦2,000,000",,"₦2,450,000","₦450,000",22.5%,Capped at market price,"₦1,900,000","₦2,450,000",,Available,1-15 May 2026,Cost = under 10 pcs. Bulk = 10 pcs and above. Pick-up Lagos or Abuja warehouse. Picture from the earlier Dawnice sheet.
BAT-053,Batteries,Low voltage (48V / 51.2V),Felicity,Felicity Solar (Level C list),FL-LPBF48200,10kWh 48V / 51.2V lithium battery,10,kWh,Image pending,5 years,"₦1,713,000",,"₦2,226,900","₦513,900",30.0%,Default markup,,,,Available,May 2026 (list code 260510),
BAT-054,Batteries,Low voltage (48V / 51.2V),Felicity,Felicity Solar (Level C list),FLA48200,10kWh 51.2V lithium battery,10,kWh,Image pending,7 years,"₦1,768,000",,"₦2,298,400","₦530,400",30.0%,Default markup,,,,Available,May 2026 (list code 260510),
BAT-055,Batteries,Low voltage (48V / 51.2V),itel,itel Energy (ESS list),itel IPL-51200H 10kWh 48V Standing Battery,"10kWh 48V 200Ah lithium-ion battery, floor standing. Class-A LiFePO4, 6000+ cycles, smart BMS, 3A active balancing, up to 15 in parallel",10,kWh,,5 years replacement,"₦1,730,000",,"₦1,903,000","₦173,000",10.0%,Capped at market price,"₦1,630,000","₦1,903,000",,Available,Sep 2026,Cost = dealer price. Bulk column = distributor price. Market ref = itel retail price.
BAT-056,Batteries,Low voltage (48V / 51.2V),INFINI,Solarpro Tech (INFINI / Sungene list),INFINI 48V/10.2kWh,10.2kWh 48V lithium battery,10.2,kWh,,5 years,"₦1,500,000",,"₦1,700,000","₦200,000",13.3%,Capped at market price,"₦1,380,000","₦1,700,000",,Available,"Week 13, 2026",
BAT-057,Batteries,Low voltage (48V / 51.2V),Bread,Bread Energy Store,10.24kWh 48V on Wheels,"10.24kWh 48V 200Ah wall-mount with wheels, LiFePO4, 6000 cycles at 80% DOD",10.24,kWh,,5 years,"₦1,950,000",,"₦2,535,000","₦585,000",30.0%,Default markup,,,3 pcs,Available,Updated list (latest),"Previous price ₦1,850,000"
BAT-058,Batteries,Low voltage (48V / 51.2V),Dawnice,Dawnice (existing sheet),HZEB-LCT-10,"10.24kWh lithium battery, LiFePO4, 6000 cycles at 80% DOD",10.24,kWh,,5 years,"₦1,820,000",,"₦2,366,000","₦546,000",30.0%,Default markup,,,,Not on latest list,Undated,Older Dawnice price. Superseded by the Dawnice May 2026 list (see Dawnice Nigeria rows)
BAT-059,Batteries,Low voltage (48V / 51.2V),Deye,SMS Sunmate Solar (Deye Nigeria),SE-G10.2,"10.24kWh 51.2V 200Ah LiFePO4, 2P16S, up to 64 in parallel (655kWh)",10.24,kWh,,5 years,"₦2,000,000",,"₦2,600,000","₦600,000",30.0%,Default markup,,,,Available,Sep 2025,
BAT-060,Batteries,Low voltage (48V / 51.2V),SRNE,SRNE (existing sheet),EOS10B,"10.24kWh 51.2V 200Ah, up to 16 in parallel (163.84kWh), LiFePO4, 6000 cycles at 80% DOD",10.24,kWh,,10 years,"₦2,563,000",,"₦3,331,900","₦768,900",30.0%,Default markup,,,,Available,Undated,
BAT-061,Batteries,Low voltage (48V / 51.2V),Taico,Taico (existing sheet),TKPW-10000,"10.24kWh lithium battery, LiFePO4, 6000 cycles at 80% DOD",10.24,kWh,,5 years,"₦1,650,000",,"₦2,145,000","₦495,000",30.0%,Default markup,,,,Available,Undated,Voltage / Ah on the source sheet do not match the kWh rating. Confirm specs
BAT-062,Batteries,Low voltage (48V / 51.2V),SRNE,SRNE (existing sheet),SE10B,"10.49kWh 48V 205Ah, up to 16 in parallel (167.84kWh), WiFi & Bluetooth, LiFePO4, 6000 cycles at 80% DOD",10.49,kWh,,5 years,"₦1,804,000",,"₦2,345,200","₦541,200",30.0%,Default markup,,,,Promotion,Undated,
BAT-063,Batteries,Low voltage (48V / 51.2V),Blue Carbon,Blue Carbon Nigeria,12.5kWh 48V/250Ah Table Top,12.5kWh 48V/250Ah Table Top lithium-ion battery,12.5,kWh,Image pending,Not stated,"₦1,550,000",,"₦2,015,000","₦465,000",30.0%,Default markup,,,,Available,Undated,
BAT-064,Batteries,Low voltage (48V / 51.2V),Blue Carbon,Blue Carbon Nigeria,12.5kWh 48V/250Ah Non-Smart BMS,12.5kWh 48V/250Ah Non-Smart BMS lithium-ion battery,12.5,kWh,Image pending,Not stated,"₦1,600,000",,"₦2,080,000","₦480,000",30.0%,Default markup,,,,Available,Undated,
BAT-065,Batteries,Low voltage (48V / 51.2V),Blue Carbon,Blue Carbon Nigeria,12.5kWh 48V/250Ah Smart BMS,12.5kWh 48V/250Ah Smart BMS lithium-ion battery,12.5,kWh,Image pending,Not stated,"₦1,650,000",,"₦2,145,000","₦495,000",30.0%,Default markup,,,,Available,Undated,
BAT-066,Batteries,Low voltage (48V / 51.2V),Felicity,Felicity Solar (Level C list),FL-LPBF48250,12.5kWh 48V / 51.2V lithium battery,12.5,kWh,Image pending,5 years,"₦1,846,000",,"₦2,399,800","₦553,800",30.0%,Default markup,,,,Available,May 2026 (list code 260510),
BAT-067,Batteries,Low voltage (48V / 51.2V),Felicity,Felicity Solar (Level C list),FLA48250,12.5kWh 51.2V lithium battery,12.5,kWh,Image pending,7 years,"₦2,071,000",,"₦2,692,300","₦621,300",30.0%,Default markup,,,,Available,May 2026 (list code 260510),
BAT-068,Batteries,Low voltage (48V / 51.2V),Bread,Bread Energy Store,13.44kWh 48V on Wheels,"13.44kWh 48V wall-mount with wheels, LiFePO4, 6000 cycles at 80% DOD",13.44,kWh,,5 years,"₦2,000,000",,"₦2,600,000","₦600,000",30.0%,Default markup,,,3 pcs,Available,Updated list (latest),
BAT-069,Batteries,Low voltage (48V / 51.2V),LuxPower,LuxPower (July 2026 list),PGEM PRO,48V 14.3kWh lithium battery,14.3,kWh,,10 years,"₦2,450,000",,"₦2,650,000","₦200,000",8.2%,Capped at market price,"₦2,250,000","₦2,650,000",,Available,1 Jul 2026,"Cost = installer (1-9 pcs); market ref = end-user (1-9 pcs). 10-50 pcs: ₦2,350,000. Over 50 pcs: bulk column. FOB US$1,290. Lagos price; outside Lagos add ₦25,000/pc logistics."
BAT-070,Batteries,Low voltage (48V / 51.2V),SRNE,SRNE (existing sheet),SE15B,"14.33kWh 51.2V 314Ah, up to 16 in parallel, IP65, WiFi & Bluetooth, LiFePO4, 6000 cycles at 80% DOD",14.33,kWh,,5 years,"₦2,191,000",,"₦2,848,300","₦657,300",30.0%,Default markup,,,,Available,Undated,
BAT-071,Batteries,Low voltage (48V / 51.2V),Blue Carbon,Blue Carbon Nigeria,15kWh 48V/300Ah Non-Smart BMS,15kWh 48V/300Ah Non-Smart BMS lithium-ion battery,15,kWh,Image pending,Not stated,"₦1,650,000",,"₦2,145,000","₦495,000",30.0%,Default markup,,,,Available,Undated,
BAT-072,Batteries,Low voltage (48V / 51.2V),Blue Carbon,Blue Carbon Nigeria,15kWh 48V/300Ah Table Top,15kWh 48V/300Ah Table Top lithium-ion battery,15,kWh,Image pending,Not stated,"₦1,650,000",,"₦2,145,000","₦495,000",30.0%,Default markup,,,,Available,Undated,
BAT-073,Batteries,Low voltage (48V / 51.2V),Blue Carbon,Exulted (dealer list),Blue Carbon 15kWh Non-Smart Flat / Stackable,"15kWh lithium battery, non-smart flat / stackable",15,kWh,Image pending,Not stated,"₦1,650,000",,"₦2,145,000","₦495,000",30.0%,Default markup,,,,Available,15 Sep 2026,"Blue Carbon direct list: ₦1,650,000 (non-smart)"
BAT-074,Batteries,Low voltage (48V / 51.2V),Blue Carbon,Exulted (dealer list),Blue Carbon 15kWh Smart Slim / Flat,"15kWh lithium battery, smart slim / flat",15,kWh,Image pending,Not stated,"₦1,700,000",,"₦2,210,000","₦510,000",30.0%,Default markup,,,,Available,15 Sep 2026,"Blue Carbon direct list: ₦1,750,000 to ₦1,800,000 (smart)"
BAT-075,Batteries,Low voltage (48V / 51.2V),Blue Carbon,Blue Carbon Nigeria,15kWh 48V/300Ah Smart BMS Slim (parallel),15kWh 48V/300Ah Smart BMS Slim (parallel) lithium-ion battery,15,kWh,Image pending,Not stated,"₦1,750,000",,"₦2,275,000","₦525,000",30.0%,Default markup,,,,Available,Undated,
BAT-076,Batteries,Low voltage (48V / 51.2V),Blue Carbon,Blue Carbon Nigeria,15kWh 48V/300Ah Smart BMS Stackable,15kWh 48V/300Ah Smart BMS Stackable lithium-ion battery,15,kWh,Image pending,Not stated,"₦1,800,000",,"₦2,340,000","₦540,000",30.0%,Default markup,,,,Available,Undated,
BAT-077,Batteries,Low voltage (48V / 51.2V),Felicity,Felicity Solar (Level C list),FL-LPBF48300,15kWh 48V / 51.2V lithium battery,15,kWh,Image pending,5 years,"₦2,206,000",,"₦2,867,800","₦661,800",30.0%,Default markup,,,,Available,May 2026 (list code 260510),
BAT-078,Batteries,Low voltage (48V / 51.2V),Felicity,Felicity Solar (Level C list),FLA48300,15kWh 51.2V lithium battery,15,kWh,Image pending,7 years,"₦2,424,000",,"₦3,151,200","₦727,200",30.0%,Default markup,,,,Available,May 2026 (list code 260510),
BAT-079,Batteries,Low voltage (48V / 51.2V),Fine Tech,Exulted (dealer list),Fine Tech 15kWh 48V Lithium Battery,15kWh 48V lithium battery,15,kWh,Image pending,Not stated,"₦1,900,000",,"₦2,470,000","₦570,000",30.0%,Default markup,,,,Available,15 Sep 2026,
BAT-080,Batteries,Low voltage (48V / 51.2V),INFINI,Solarpro Tech (INFINI / Sungene list),INFINI 48V/15kWh,15kWh 48V lithium battery on wheels,15,kWh,,5 years,"₦1,750,000",,"₦1,850,000","₦100,000",5.7%,Capped at market price,"₦1,680,000","₦1,850,000",,Available,"Week 13, 2026",
BAT-081,Batteries,Low voltage (48V / 51.2V),Solarpro,Solarpro Tech,Solarpro 48V/15kWh,15kWh 48V lithium battery,15,kWh,,7 years,"₦2,600,000",,"₦2,800,000","₦200,000",7.7%,Capped at market price,"₦2,400,000","₦2,800,000",,Available,May 2026,
BAT-082,Batteries,Low voltage (48V / 51.2V),Sungene,Solarpro Tech (INFINI / Sungene list),Sungene Lithium 48V/15kWh,15kWh 48V lithium battery,15,kWh,,5 years,"₦1,750,000",,"₦1,950,000","₦200,000",11.4%,Capped at market price,"₦1,600,000","₦1,950,000",,Available,"Week 13, 2026",
BAT-083,Batteries,Low voltage (48V / 51.2V),Dawnice,Dawnice (existing sheet),HZEB-LCT-15,"15.36kWh lithium battery, LiFePO4, 6000 cycles at 80% DOD",15.36,kWh,,5 years,"₦2,780,000",,"₦3,614,000","₦834,000",30.0%,Default markup,,,,Not on latest list,Undated,Older Dawnice price. Superseded by the Dawnice May 2026 list (see Dawnice Nigeria rows)
BAT-084,Batteries,Low voltage (48V / 51.2V),Taico,Taico (existing sheet),TKRB-1500,"15.36kWh lithium battery, LiFePO4, 6000 cycles at 80% DOD",15.36,kWh,,5 years,"₦2,620,000",,"₦3,406,000","₦786,000",30.0%,Default markup,,,,Available,Undated,Voltage / Ah on the source sheet do not match the kWh rating. Confirm specs
BAT-085,Batteries,Low voltage (48V / 51.2V),Bread,Bread Energy Store,15.67kWh 48V on Wheels,"15.67kWh 48V wall-mount with wheels, LiFePO4, 6000 cycles at 80% DOD",15.67,kWh,,5 years,"₦2,200,000",,"₦2,860,000","₦660,000",30.0%,Default markup,,,3 pcs,Available,Updated list (latest),"Previous price ₦2,150,000"
BAT-086,Batteries,Low voltage (48V / 51.2V),AlpSolarr,AlpSolarr installer list,Livo-16E Lithium Battery,16kWh 51.2V lithium battery,16,kWh,,5 years replacement,"₦2,000,000",,"₦2,600,000","₦600,000",30.0%,Default markup,,,,New,Undated,
BAT-087,Batteries,Low voltage (48V / 51.2V),Dawnice,Dawnice Nigeria (reseller list),Dawnice 16kWh Residential Battery,16kWh residential lithium battery,16,kWh,,10 years (free replacement first 5 years),"₦2,600,000",,"₦3,200,000","₦600,000",23.1%,Capped at market price,"₦2,500,000","₦3,200,000",,Available,1-15 May 2026,Cost = under 10 pcs. Bulk = 10 pcs and above. Pick-up Lagos or Abuja warehouse. Picture from the earlier Dawnice sheet.
BAT-088,Batteries,Low voltage (48V / 51.2V),Deye,SMS Sunmate Solar (Deye Nigeria),SE-F16,"16kWh 51.2V 314Ah LiFePO4, 2P16S, up to 32 in parallel (655kWh)",16,kWh,,5 years,"₦2,700,000",,"₦3,510,000","₦810,000",30.0%,Default markup,,,,Available,Sep 2025,
BAT-089,Batteries,Low voltage (48V / 51.2V),LuxPower,LuxPower (July 2026 list),PGEM MAX,48V 16kWh lithium battery,16,kWh,,10 years,"₦2,750,000",,"₦2,887,500","₦137,500",5.0%,Minimum margin,"₦2,500,000","₦2,850,000",,Available,1 Jul 2026,"Cost = installer (1-9 pcs); market ref = end-user (1-9 pcs). 10-50 pcs: ₦2,650,000. Over 50 pcs: bulk column. FOB US$1,350. Lagos price; outside Lagos add ₦25,000/pc logistics."
BAT-090,Batteries,Low voltage (48V / 51.2V),LuxPower,LuxPower (July 2026 list),PSHIELD MAX,"48V 16kWh lithium battery, IP65, UL certified",16,kWh,,10 years,"₦3,200,000",,"₦3,360,000","₦160,000",5.0%,Minimum margin,"₦2,880,000","₦3,250,000",,Available,1 Jul 2026,"Cost = installer (1-9 pcs); market ref = end-user (1-9 pcs). 10-50 pcs: ₦2,950,000. Over 50 pcs: bulk column. FOB US$1,570. Lagos price; outside Lagos add ₦25,000/pc logistics."
BAT-091,Batteries,Low voltage (48V / 51.2V),itel,itel Energy (ESS list),itel IPL-51314H 16kWh 48V Standing Battery,"16kWh 48V 300Ah lithium-ion battery, floor standing, IP21. Class-A LiFePO4, 6000+ cycles, smart BMS, 3A active balancing, up to 15 in parallel",16,kWh,,5 years replacement,"₦2,040,000",,"₦2,244,000","₦204,000",10.0%,Capped at market price,"₦1,942,000","₦2,244,000",,Available,Sep 2026,Cost = dealer price. Bulk column = distributor price. Market ref = itel retail price.
BAT-092,Batteries,Low voltage (48V / 51.2V),SRNE,SRNE (existing sheet),SE16B-Pro,"16.07kWh 51.2V 314Ah, up to 16 in parallel, LCD screen, WiFi & Bluetooth, LiFePO4, 6000 cycles at 80% DOD",16.07,kWh,,5 years,"₦2,502,000",,"₦3,252,600","₦750,600",30.0%,Default markup,,,,New,Undated,
BAT-093,Batteries,Low voltage (48V / 51.2V),SRNE,SRNE (existing sheet),EOS15B,"16.07kWh 51.2V 314Ah, up to 16 in parallel (257.12kWh), IP65, LiFePO4, 8000 cycles at 80% DOD",16.07,kWh,,10 years,"₦3,034,000",,"₦3,944,200","₦910,200",30.0%,Default markup,,,,Available,Undated,
BAT-094,Batteries,Low voltage (48V / 51.2V),Felicity,Felicity Solar (Level C list),FL-LPBF48350,17.5kWh 48V / 51.2V lithium battery,17.5,kWh,Image pending,5 years,"₦2,451,000",,"₦3,186,300","₦735,300",30.0%,Default markup,,,,Available,May 2026 (list code 260510),
BAT-095,Batteries,Low voltage (48V / 51.2V),Felicity,Felicity Solar (Level C list),FLA48350,17.5kWh 51.2V lithium battery,17.5,kWh,Image pending,7 years,"₦2,615,000",,"₦3,399,500","₦784,500",30.0%,Default markup,,,,Available,May 2026 (list code 260510),
BAT-096,Batteries,Low voltage (48V / 51.2V),Sungene,Solarpro Tech (INFINI / Sungene list),Sungene Lithium 48V/17.5kWh,17.5kWh 48V lithium battery,17.5,kWh,,5 years,,,,,,,,,,Coming soon,"Week 13, 2026",
BAT-097,Batteries,Low voltage (48V / 51.2V),Dawnice,Dawnice Nigeria (reseller list),Dawnice 20kWh Residential Battery,20kWh residential lithium battery,20,kWh,Image pending,10 years (free replacement first 5 years),"₦3,900,000",,"₦4,500,000","₦600,000",15.4%,Capped at market price,"₦3,700,000","₦4,500,000",,Available,1-15 May 2026,"Cost = under 10 pcs. Bulk = 10 pcs and above. Pick-up Lagos or Abuja warehouse. Source shows ₦3,9000,000; read as ₦3,900,000. Confirm"
BAT-098,Batteries,Low voltage (48V / 51.2V),Taico,Taico (existing sheet),TKRB-2000,"20.48kWh lithium battery, LiFePO4, 6000 cycles at 80% DOD",20.48,kWh,,5 years,"₦3,000,000",,"₦3,900,000","₦900,000",30.0%,Default markup,,,,Available,Undated,Voltage / Ah on the source sheet do not match the kWh rating. Confirm specs
BAT-099,Batteries,Low voltage (48V / 51.2V),Felicity,Felicity Solar (Level C list),FLA48500,25kWh 51.2V lithium battery,25,kWh,Image pending,7 years,"₦4,335,000",,"₦5,635,500","₦1,300,500",30.0%,Default markup,,,,Available,May 2026 (list code 260510),
BAT-100,Batteries,Low voltage (48V / 51.2V),Taico,Taico (existing sheet),TKRB-2028,"28.48kWh lithium battery, LiFePO4, 6000 cycles at 80% DOD",28.48,kWh,,5 years,"₦3,650,000",,"₦4,745,000","₦1,095,000",30.0%,Default markup,,,,Available,Undated,Voltage / Ah on the source sheet do not match the kWh rating. Confirm specs
BAT-101,Batteries,Low voltage (48V / 51.2V),itel,itel Energy (ESS list),itel 32kWh 48V IP65 Standing Battery,"32kWh 48V 600Ah lithium-ion battery, floor standing, IP65. Catalogue rates it 628Ah. Class-A LiFePO4, 6000+ cycles, smart BMS, up to 15 in parallel",32,kWh,,5 years replacement,"₦4,230,000",,"₦4,653,000","₦423,000",10.0%,Capped at market price,"₦4,030,000","₦4,653,000",,Available,Sep 2026,Cost = dealer price. Bulk column = distributor price. Market ref = itel retail price.
BAT-102,Batteries,High voltage,Deye,SMS Sunmate Solar (Deye Nigeria),BOS-G Pro 5kWh Module,5kWh high-voltage battery module for BOS-G Pro systems (25.6kWh to 87.04kWh),5,kWh,,10 years,"₦1,300,000",,"₦1,690,000","₦390,000",30.0%,Default markup,,,,Available,Sep 2025,
BAT-103,Batteries,High voltage,Felicity,Felicity Solar (Level C list),FLH48100UMG1 (battery module),5.12kWh LiFePO4 high-voltage battery module,5.12,kWh,Image pending,10 years,"₦1,076,000",,"₦1,398,800","₦322,800",30.0%,Default markup,,,,Available,May 2026 (list code 260510),
BAT-104,Batteries,High voltage,itel,itel Energy (ESS list),itel IPX-51314SPT 16kWh C&I Battery (for 50kW inverter),"16kWh 300Ah stackable battery, for use with the itel 50kW inverter only. High-voltage C&I module, 314Ah, rack or floor mounting, series or parallel connection. With IHY-50KH3S builds 192-768kWh",16,kWh,,5 years replacement,"₦2,360,000",,"₦2,596,000","₦236,000",10.0%,Capped at market price,"₦2,230,000","₦2,596,000",,Available,Sep 2026,Cost = dealer price. Bulk column = distributor price. Market ref = itel retail price.
BAT-105,Batteries,High voltage,Deye,SMS Sunmate Solar (Deye Nigeria),BOS-G 40kWh System,8 x BOS-G Pro 5kWh modules + BOS-G-PDU-2 controller box + 9-layer rack,40,kWh,,10 years,"₦12,320,000",,"₦16,016,000","₦3,696,000",30.0%,Default markup,,,,Available,Sep 2025,
BAT-106,Batteries,High voltage,Deye,SMS Sunmate Solar (Deye Nigeria),BOS-G 60kWh System,12 x BOS-G Pro 5kWh modules + BOS-G-PDU-2 controller box + 13-layer rack,60,kWh,,10 years,"₦17,560,000",,"₦22,828,000","₦5,268,000",30.0%,Default markup,,,,Available,Sep 2025,
BAT-107,Batteries,High voltage,Solarpro,Solarpro Tech,Solarpro 60kWh High Voltage,60kWh high-voltage rack battery system,60,kWh,,7 years,"₦13,750,000",,"₦15,000,000","₦1,250,000",9.1%,Capped at market price,"₦13,125,000","₦15,000,000",,Available,May 2026,
BAT-108,Batteries,Commercial & industrial storage,SRNE,SRNE (existing sheet),Ket60A,"61.4kWh high-voltage system, 12 modules in series, 614.4V nominal, 100A discharge / 70A charge, IP20",61.4,kWh,,5 years,"₦16,140,000",,"₦20,982,000","₦4,842,000",30.0%,Default markup,,,,New,Undated,
BAT-109,Batteries,Commercial & industrial storage,SRNE,SRNE (existing sheet),Ket96C,"96.5kWh high-voltage system, 6 modules in series, 307.2V nominal, 200A charge / discharge, IP20",96.5,kWh,,5 years,"₦20,568,000",,"₦26,738,400","₦6,170,400",30.0%,Default markup,,,,New,Undated,
BAT-110,Batteries,Commercial & industrial storage,Dawnice,Dawnice Nigeria (reseller list),Dawnice Indoor 112kWh C&I Battery Cabinet,112kWh indoor commercial battery cabinet,112,kWh,Image pending,10 years (free replacement first 5 years),"₦24,000,000",,"₦25,200,000","₦1,200,000",5.0%,Minimum margin,"₦23,000,000","₦24,500,000",,Available,1-15 May 2026,Cost = under 5 pcs. Bulk = 5 pcs and above. Pick-up Lagos warehouse. Stock note (May list): 7 pcs ETD 10 May 2026
BAT-111,Batteries,Commercial & industrial storage,Dawnice,Dawnice Nigeria (reseller list),Dawnice Outdoor 112kWh C&I Battery Cabinet,112kWh outdoor commercial battery cabinet,112,kWh,Image pending,10 years (free replacement first 5 years),"₦26,000,000",,"₦27,300,000","₦1,300,000",5.0%,Minimum margin,"₦25,000,000","₦25,500,000",,Available,1-15 May 2026,Cost = under 5 pcs. Bulk = 5 pcs and above. Pick-up Lagos warehouse. Stock note (May list): 2 units in stock. Marketing price is below the reseller price on the source
BAT-112,Batteries,Commercial & industrial storage,Solarpro,Solarpro Tech,Solarpro 125kWh High Voltage,125kWh high-voltage cabinet battery system,125,kWh,,7 years,"₦33,000,000",,"₦36,000,000","₦3,000,000",9.1%,Capped at market price,"₦31,500,000","₦36,000,000",,Available,May 2026,
BAT-113,Batteries,Commercial & industrial storage,Dawnice,Dawnice Nigeria (reseller list),Dawnice Indoor 143kWh C&I Battery Cabinet,143kWh indoor commercial battery cabinet,143,kWh,Image pending,10 years (free replacement first 5 years),"₦27,000,000",,"₦28,500,000","₦1,500,000",5.6%,Capped at market price,"₦26,000,000","₦28,500,000",,Available,1-15 May 2026,Cost = under 5 pcs. Bulk = 5 pcs and above. Pick-up Lagos warehouse. Stock note (May list): 1 pc in stock
BAT-114,Batteries,Commercial & industrial storage,Dawnice,Dawnice Nigeria (reseller list),Dawnice Indoor 160kWh C&I Battery Cabinet,160kWh indoor commercial battery cabinet,160,kWh,Image pending,10 years (free replacement first 5 years),"₦29,000,000",,"₦32,000,000","₦3,000,000",10.3%,Capped at market price,"₦28,000,000","₦32,000,000",,Available,1-15 May 2026,Cost = under 5 pcs. Bulk = 5 pcs and above. Pick-up Lagos warehouse. Stock note (May list): 4 pcs ETD 10 May 2026
BAT-115,Batteries,Commercial & industrial storage,Dawnice,Dawnice Nigeria (reseller list),Dawnice Outdoor 200kWh C&I Battery Cabinet,200kWh outdoor commercial battery cabinet,200,kWh,Image pending,10 years (free replacement first 5 years),"₦44,500,000",,"₦48,000,000","₦3,500,000",7.9%,Capped at market price,"₦43,500,000","₦48,000,000",,Coming soon,1-15 May 2026,"Cost = under 5 pcs. Bulk = 5 pcs and above. Pick-up Lagos warehouse. Listed as pre-sale. Source shows ₦44,5000,000; read as ₦44,500,000. Confirm"
BAT-116,Batteries,Commercial & industrial storage,SRNE,SRNE (existing sheet),Ket209C,"209kWh high-voltage system, 13 modules in series, 665.6V nominal, 200A charge / discharge, IP20",209,kWh,,5 years,"₦42,107,000",,"₦54,739,100","₦12,632,100",30.0%,Default markup,,,,New,Undated,
BAT-117,Batteries,Commercial & industrial storage,Dawnice,Dawnice Nigeria (reseller list),Dawnice Indoor 225kWh C&I Battery Cabinet,225kWh indoor commercial battery cabinet,225,kWh,Image pending,10 years (free replacement first 5 years),"₦39,500,000",,"₦41,475,000","₦1,975,000",5.0%,Minimum margin,"₦38,500,000","₦40,000,000",,Available,1-15 May 2026,"Cost = under 5 pcs. Bulk = 5 pcs and above. Pick-up Lagos warehouse. Stock note (May list): 1 pc in stock, 4 pcs ETD 15 May 2026"
BAT-118,Batteries,Commercial & industrial storage,Dawnice,Dawnice Nigeria (reseller list),Dawnice Outdoor 225kWh C&I Battery Cabinet,225kWh outdoor commercial battery cabinet,225,kWh,Image pending,10 years (free replacement first 5 years),"₦46,500,000",,"₦50,000,000","₦3,500,000",7.5%,Capped at market price,"₦45,000,000","₦50,000,000",,Available,1-15 May 2026,"Cost = under 5 pcs. Bulk = 5 pcs and above. Pick-up Lagos warehouse. Stock note (May list): 4 pcs ETD 15 May 2026. Source shows ₦46,5000,000; read as ₦46,500,000. Confirm"
BAT-119,Batteries,Lead-acid (tubular / gel / dry cell),Felicity,Felicity Solar (Level C list),FL-G-200AH12V,200Ah 12V gel battery,2.4,kWh,Image pending,Not stated,"₦267,000",,"₦347,100","₦80,100",30.0%,Default markup,,,,Available,May 2026 (list code 260510),
BAT-120,Batteries,Lead-acid (tubular / gel / dry cell),Quanta,Exulted (dealer list),Quanta 200Ah Battery (dry cell / regular),"200Ah battery, white carton, dry cell and regular versions",2.4,kWh,Image pending,Not stated,"₦330,000",,"₦429,000","₦99,000",30.0%,Default markup,,,,Available,15 Sep 2026,"Dealer range ₦310,000 to ₦330,000; cost set at the top of the range. kWh assumes 12V"
BAT-121,Batteries,Lead-acid (tubular / gel / dry cell),Not stated,Exulted (dealer list),220Ah Tubular Battery,220Ah tubular deep-cycle battery,2.64,kWh,Image pending,Not stated,"₦220,000",,"₦286,000","₦66,000",30.0%,Default markup,,,,Available,15 Sep 2026,"Dealer range ₦200,000 to ₦220,000; cost set at the top of the range. kWh assumes 12V"
AIO-001,All-in-One Systems,Single-phase,Felicity,Felicity Solar (Level C list),HOPE1000,"1kWh all-in-one system, 12V / 24V / 36V",1,kWh,Image pending,Not stated,"₦303,000",,"₦393,900","₦90,900",30.0%,Default markup,,,,Available,May 2026 (list code 260510),Highlighted in yellow on the Felicity list
AIO-002,All-in-One Systems,Single-phase,SRNE,SRNE (existing sheet),EOT02S,"2.5kW 24V inverter charger with built-in 2.56kWh (25.6V 100Ah) LiFePO4 battery, 6000 cycles, WiFi & Bluetooth",2.5,kW,,3 years,"₦987,000",,"₦1,283,100","₦296,100",30.0%,Default markup,,,,Promotion,Undated,
AIO-003,All-in-One Systems,Single-phase,itel,itel Energy (ESS list),itel IESS-3K680N 3.6kW / 8kWh All-in-One,"3.6kW inverter with 8kWh battery, all-in-one power station. 3-in-1 household ESS, plug and play, PV input up to 5000W, UPS switch under 10ms, 8000Wh LiFePO4",3.6,kW,,2 years replacement,"₦1,570,000",,"₦1,727,000","₦157,000",10.0%,Capped at market price,"₦1,480,000","₦1,727,000",,Available,Sep 2026,Cost = dealer price. Bulk column = distributor price. Market ref = itel retail price.
AIO-004,All-in-One Systems,Single-phase,Bread,Bread Energy Store,All-in-One 5kW / 20kWh,5kW inverter with 20kWh lithium battery,5,kW,Image pending,Not stated,"₦4,200,000",,"₦5,460,000","₦1,260,000",30.0%,Default markup,,,3 pcs,Available,Updated list (latest),
AIO-005,All-in-One Systems,Single-phase,Felicity,Felicity Solar (Level C list),AI100-5048,"5kVA / 220V LFP battery-inverter integrated system, 48V, 50/60Hz, PV 500V. Battery (AI100-B5) sold separately",5,kVA,Image pending,5 years,"₦555,000",,"₦721,500","₦166,500",30.0%,Default markup,,,,Available,May 2026 (list code 260510),
AIO-006,All-in-One Systems,Single-phase,Bread,Bread Energy Store,All-in-One 6kW / 5.12kWh,6kW inverter with 5.12kWh lithium battery,6,kW,Image pending,Not stated,"₦1,700,000",,"₦2,210,000","₦510,000",30.0%,Default markup,,,3 pcs,Available,Updated list (latest),
AIO-007,All-in-One Systems,Single-phase,Bread,Bread Energy Store,All-in-One 6kW / 15.67kWh,6kW inverter with 15.67kWh lithium battery,6,kW,Image pending,Not stated,"₦2,850,000",,"₦3,705,000","₦855,000",30.0%,Default markup,,,3 pcs,Available,Updated list (latest),
AIO-008,All-in-One Systems,Single-phase,Felicity,Felicity Solar (Level C list),AI100-8048,"8kVA / 220V LFP battery-inverter integrated system, 48V, 50/60Hz, PV 500V. Battery (AI100-B5) sold separately",8,kVA,Image pending,5 years,"₦879,000",,"₦1,142,700","₦263,700",30.0%,Default markup,,,,Available,May 2026 (list code 260510),
AIO-009,All-in-One Systems,Single-phase,Bread,Bread Energy Store,All-in-One 12kW / 20kWh,12kW inverter with 20kWh lithium battery,12,kW,Image pending,Not stated,"₦5,000,000",,"₦6,500,000","₦1,500,000",30.0%,Default markup,,,3 pcs,Available,Updated list (latest),
AIO-010,All-in-One Systems,Three-phase,Blue Carbon,Blue Carbon Nigeria,All-in-One 6kVA / 15kWh 48V (3-phase),"6kVA 48V inverter with 15kWh battery, three-phase",6,kVA,Image pending,Not stated,"₦2,250,000",,"₦2,925,000","₦675,000",30.0%,Default markup,,,,Available,Undated,
AIO-011,All-in-One Systems,Three-phase,Blue Carbon,Blue Carbon Nigeria,All-in-One 12kVA / 30kWh 48V (3-phase),"12kVA 48V inverter with 30kWh battery, three-phase",12,kVA,Image pending,Not stated,"₦4,500,000",,"₦5,850,000","₦1,350,000",30.0%,Default markup,,,,Available,Undated,
AIO-012,All-in-One Systems,Three-phase,Blue Carbon,Blue Carbon Nigeria,All-in-One 18kVA / 48kWh 48V (3-phase),"18kVA 48V inverter with 48kWh battery, three-phase",18,kVA,Image pending,Not stated,"₦8,200,000",,"₦10,660,000","₦2,460,000",30.0%,Default markup,,,,Available,Undated,
AIO-013,All-in-One Systems,Commercial (C&I),Dawnice,Dawnice Nigeria (reseller list),Dawnice 125kW / 265kWh All-in-One System,"125kW PCS with 265kWh battery, commercial all-in-one energy storage system",125,kW,Image pending,10 years (free replacement first 5 years),"₦78,000,000",,"₦90,000,000","₦12,000,000",15.4%,Capped at market price,"₦75,000,000","₦90,000,000",,Available,1-15 May 2026,Cost = under 5 pcs. Bulk = 5 pcs and above. Pick-up Lagos warehouse. Stock note (May list): 4 pcs ETD 25 May 2026
CTL-001,Charge Controllers,PWM,SRNE,SRNE (existing sheet),HC2440 (40A),"12V / 24V PWM solar controller, 40A, max PV input 55V",40,A,,1 year,"₦29,000",,"₦37,700","₦8,700",30.0%,Default markup,,,,Available,Undated,
CTL-002,Charge Controllers,PWM,SRNE,SRNE (existing sheet),HC2440 (60A),"12V / 24V PWM solar controller, 60A, max PV input 55V",60,A,,1 year,"₦52,000",,"₦67,600","₦15,600",30.0%,Default markup,,,,Available,Undated,Source uses the 40A model code for the 60A unit. Confirm model
CTL-003,Charge Controllers,MPPT,Felicity,Felicity Solar (Level C list),FL-SCCM3024 Li,"30A MPPT charge controller, 12V / 24V system, lithium battery wake-up function",30,A,Image pending,Not stated,"₦74,000",,"₦96,200","₦22,200",30.0%,Default markup,,,,Available,May 2026 (list code 260510),
CTL-004,Charge Controllers,MPPT,SRNE,SRNE (existing sheet),Shiner2430,"12V / 24V MPPT controller, 30A, max input 100V, rear heat sink",30,A,,3 years,"₦52,000",,"₦67,600","₦15,600",30.0%,Default markup,,,,Available,Undated,
CTL-005,Charge Controllers,MPPT,SRNE,SRNE (existing sheet),Shiner2440,"12V / 24V MPPT controller, 40A, max input 100V",40,A,,3 years,"₦52,000",,"₦67,600","₦15,600",30.0%,Default markup,,,,Promotion,Undated,
CTL-006,Charge Controllers,MPPT,Felicity,Felicity Solar (Level C list),FL-SCCM4524 Li,"45A MPPT charge controller, 12V / 24V system, lithium battery wake-up function",45,A,Image pending,Not stated,"₦93,000",,"₦120,900","₦27,900",30.0%,Default markup,,,,Available,May 2026 (list code 260510),
CTL-007,Charge Controllers,MPPT,Felicity,Felicity Solar (Level C list),FL-SCCM4548 Li,"45A MPPT charge controller, 12V / 24V / 48V system, lithium battery wake-up function",45,A,Image pending,Not stated,"₦133,000",,"₦172,900","₦39,900",30.0%,Default markup,,,,Available,May 2026 (list code 260510),
CTL-008,Charge Controllers,MPPT,Exulted,Exulted (dealer list),Exulted 60A MPPT Controller,60A MPPT solar charge controller,60,A,Image pending,Not stated,"₦130,000",,"₦169,000","₦39,000",30.0%,Default markup,,,,Available,15 Sep 2026,
CTL-009,Charge Controllers,MPPT,Felicity,Felicity Solar (Level C list),FL-SCCM6048 Li,"60A MPPT charge controller, 12V / 24V / 48V system, lithium battery wake-up function",60,A,Image pending,Not stated,"₦155,000",,"₦201,500","₦46,500",30.0%,Default markup,,,,Available,May 2026 (list code 260510),
CTL-010,Charge Controllers,MPPT,INFINI,Solarpro Tech (INFINI / Sungene list),INFINI MPPT-60A,"MPPT solar charge controller, 60A",60,A,,3 years,"₦150,000",,"₦165,000","₦15,000",10.0%,Capped at market price,"₦136,000","₦165,000",,Available,"Week 13, 2026",
CTL-011,Charge Controllers,MPPT,SRNE,SRNE (existing sheet),Shiner2460,"12V / 24V MPPT controller, 60A, max input 100V",60,A,,3 years,"₦70,000",,"₦91,000","₦21,000",30.0%,Default markup,,,,Promotion,Undated,
CTL-012,Charge Controllers,MPPT,SRNE,SRNE (existing sheet),MF4860N15,"12 / 24 / 36 / 48V MPPT controller, 60A, max input 145Vdc, fan cooled",60,A,,3 years,"₦102,000",,"₦132,600","₦30,600",30.0%,Default markup,,,,Promotion,Undated,
CTL-013,Charge Controllers,MPPT,Felicity,Felicity Solar (Level C list),FL-SCCM8048 Li,"80A MPPT charge controller, 12V / 24V / 48V system, lithium battery wake-up function",80,A,Image pending,Not stated,"₦180,000",,"₦234,000","₦54,000",30.0%,Default markup,,,,Available,May 2026 (list code 260510),
CTL-014,Charge Controllers,MPPT,Felicity,Felicity Solar (Level C list),SCCM8048-P,"80A MPPT charge controller, 12V / 24V / 48V system, battery wake-up function",80,A,Image pending,Not stated,"₦180,000",,"₦234,000","₦54,000",30.0%,Default markup,,,,Available,May 2026 (list code 260510),
CTL-015,Charge Controllers,MPPT,Exulted,Exulted (dealer list),Exulted 100A MPPT Controller,100A MPPT solar charge controller,100,A,Image pending,Not stated,"₦190,000",,"₦247,000","₦57,000",30.0%,Default markup,,,,Available,15 Sep 2026,
CTL-016,Charge Controllers,MPPT,Felicity,Felicity Solar (Level C list),FL-SCCM10048 Li,"100A MPPT charge controller, 12V / 24V / 48V system, lithium battery wake-up function",100,A,Image pending,Not stated,"₦234,000",,"₦304,200","₦70,200",30.0%,Default markup,,,,Available,May 2026 (list code 260510),
CTL-017,Charge Controllers,MPPT,INFINI,Solarpro Tech (INFINI / Sungene list),INFINI MPPT-100A,"MPPT solar charge controller, 100A",100,A,,3 years,"₦161,000",,"₦175,000","₦14,000",8.7%,Capped at market price,"₦147,000","₦175,000",,Available,"Week 13, 2026",
CTL-018,Charge Controllers,MPPT,SRNE,SRNE (existing sheet),MC48100N25,"12 / 24 / 36 / 48V MPPT controller, 100A, max input 250V, rear heat sink",100,A,,3 years,"₦437,000",,"₦568,100","₦131,100",30.0%,Default markup,,,,Available,Undated,
CTL-019,Charge Controllers,MPPT,SRNE,SRNE (existing sheet),MF48100N50,"48V MPPT controller, 100A, 2 MPPT trackers, 500Vdc + 500Vdc, up to 16 in parallel, fan cooled",100,A,,3 years,"₦534,000",,"₦694,200","₦160,200",30.0%,Default markup,,,,Available,Undated,
CTL-020,Charge Controllers,MPPT,Felicity,Felicity Solar (Level C list),SCCM12048-GEL,"120A MPPT charge controller for gel batteries, 12V / 24V / 48V system, battery wake-up function",120,A,Image pending,Not stated,"₦207,000",,"₦269,100","₦62,100",30.0%,Default markup,,,,Available,May 2026 (list code 260510),
CTL-021,Charge Controllers,MPPT,Felicity,Felicity Solar (Level C list),FL-SCCM12048 Li,"120A MPPT charge controller, 12V / 24V / 48V system, lithium battery wake-up function",120,A,Image pending,Not stated,"₦267,000",,"₦347,100","₦80,100",30.0%,Default markup,,,,Available,May 2026 (list code 260510),
CTL-022,Charge Controllers,MPPT,Felicity,Felicity Solar (Level C list),FL-SCCM15048 Li,"150A MPPT charge controller, 12V / 24V / 48V system, lithium battery wake-up function",150,A,Image pending,Not stated,"₦375,000",,"₦487,500","₦112,500",30.0%,Default markup,,,,Available,May 2026 (list code 260510),Highlighted in yellow on the Felicity list
LGT-001,Solar Lighting,Flood light,Bread,Bread Energy Store,BT-SFL-60W Solar Flood Light,"60W Solar flood light, 6000K, IP68, LiFePO4 battery, 6-8 h charge, up to 24 h run with dimming",60,W,,1 year,"₦28,000",,"₦36,400","₦8,400",30.0%,Default markup,,,10 pcs,Available,Updated list (latest),
LGT-002,Solar Lighting,Flood light,Bread,Bread Energy Store,BT-SFL-100W Solar Flood Light,"100W Solar flood light, 6000K, IP68, LiFePO4 battery, 6-8 h charge, up to 24 h run with dimming",100,W,,1 year,"₦36,000",,"₦46,800","₦10,800",30.0%,Default markup,,,10 pcs,Available,Updated list (latest),
LGT-003,Solar Lighting,Flood light,Bread,Bread Energy Store,BT-SFL-200W Solar Flood Light,"200W Solar flood light, 6000K, IP68, LiFePO4 battery, 6-8 h charge, up to 24 h run with dimming",200,W,,1 year,"₦45,000",,"₦58,500","₦13,500",30.0%,Default markup,,,10 pcs,Available,Updated list (latest),
LGT-004,Solar Lighting,Flood light,Bread,Bread Energy Store,BT-SFL-300W Solar Flood Light,"300W Solar flood light, 6000K, IP68, LiFePO4 battery, 6-8 h charge, up to 24 h run with dimming",300,W,,1 year,"₦55,000",,"₦71,500","₦16,500",30.0%,Default markup,,,10 pcs,Available,Updated list (latest),
LGT-005,Solar Lighting,Flood light,Solarpro,Solarpro Tech,SP-FL-300W Flood Light,"300W solar flood light, IP66",300,W,,5 years,"₦60,000",,"₦65,000","₦5,000",8.3%,Capped at market price,"₦54,000","₦65,000",,Available,May 2026,
LGT-006,Solar Lighting,Flood light,Bread,Bread Energy Store,BT-SFL-500W Solar Flood Light,"500W Solar flood light, 6000K, IP68, LiFePO4 battery, 6-8 h charge, up to 24 h run with dimming",500,W,,1 year,"₦65,000",,"₦84,500","₦19,500",30.0%,Default markup,,,10 pcs,Available,Updated list (latest),
LGT-007,Solar Lighting,Flood light,Bread,Bread Energy Store,BT-SFL-1000W Solar Flood Light,"1000W Solar flood light, 6000K, IP68, LiFePO4 battery, 6-8 h charge, up to 24 h run with dimming",1000,W,,1 year,"₦80,000",,"₦104,000","₦24,000",30.0%,Default markup,,,10 pcs,Available,Updated list (latest),
LGT-008,Solar Lighting,Street light,Felicity,Felicity Solar (Level C list),FL-A3-30W,30W all-in-one solar street light,30,W,Image pending,Not stated,"₦125,000",,"₦162,500","₦37,500",30.0%,Default markup,,,,Available,May 2026 (list code 260510),
LGT-009,Solar Lighting,Street light,Felicity,Felicity Solar (Level C list),FL-P2-40W,40W all-in-one solar street light,40,W,Image pending,Not stated,"₦122,000",,"₦158,600","₦36,600",30.0%,Default markup,,,,Available,May 2026 (list code 260510),
LGT-010,Solar Lighting,Street light,Felicity,Felicity Solar (Level C list),FL-P3-60W,60W all-in-one solar street light,60,W,Image pending,Not stated,"₦108,000",,"₦140,400","₦32,400",30.0%,Default markup,,,,Available,May 2026 (list code 260510),
LGT-011,Solar Lighting,Street light,Felicity,Felicity Solar (Level C list),FL-P2-60W,60W all-in-one solar street light,60,W,Image pending,Not stated,"₦127,000",,"₦165,100","₦38,100",30.0%,Default markup,,,,Available,May 2026 (list code 260510),
LGT-012,Solar Lighting,Street light,Felicity,Felicity Solar (Level C list),FL-A3-60W-P,60W all-in-one solar street light,60,W,Image pending,Not stated,"₦184,000",,"₦239,200","₦55,200",30.0%,Default markup,,,,Available,May 2026 (list code 260510),
LGT-013,Solar Lighting,Street light,Felicity,Felicity Solar (Level C list),FL-D2-60W,60W all-in-one solar street light,60,W,Image pending,Not stated,"₦192,000",,"₦249,600","₦57,600",30.0%,Default markup,,,,Available,May 2026 (list code 260510),
LGT-014,Solar Lighting,Street light,Solarpro,Solarpro Tech (street lights),R1-60W All-in-One Street Light,60W all-in-one solar street light,60,W,,3 years,"₦125,000",,"₦162,500","₦37,500",30.0%,Default markup,"₦110,000",,,Available,"Week 11, 2026","Cost = under 100 pcs. 100-300 pcs: ₦115,000. Bulk column = 300 pcs and above"
LGT-015,Solar Lighting,Street light,Exulted,Exulted (dealer list),Exulted 80W All-in-One Light,80W all-in-one solar light,80,W,Image pending,Not stated,"₦150,000",,"₦195,000","₦45,000",30.0%,Default markup,,,,Available,15 Sep 2026,Listed as available now
LGT-016,Solar Lighting,Street light,Felicity,Felicity Solar (Level C list),FL-P3-80W,80W all-in-one solar street light,80,W,Image pending,Not stated,"₦132,000",,"₦171,600","₦39,600",30.0%,Default markup,,,,Available,May 2026 (list code 260510),
LGT-017,Solar Lighting,Street light,Felicity,Felicity Solar (Level C list),FL-P2-80W,80W all-in-one solar street light,80,W,Image pending,Not stated,"₦161,000",,"₦209,300","₦48,300",30.0%,Default markup,,,,Available,May 2026 (list code 260510),
LGT-018,Solar Lighting,Street light,Felicity,Felicity Solar (Level C list),FL-D2-80W,80W all-in-one solar street light,80,W,Image pending,Not stated,"₦208,000",,"₦270,400","₦62,400",30.0%,Default markup,,,,Available,May 2026 (list code 260510),
LGT-019,Solar Lighting,Street light,Exulted,Exulted (dealer list),Exulted 100W All-in-One Light,100W all-in-one solar light,100,W,Image pending,Not stated,"₦200,000",,"₦260,000","₦60,000",30.0%,Default markup,"₦180,000",,,Available,15 Sep 2026,"Dealer range ₦190,000 to ₦200,000; cost set at the top of the range. Quantity price needs CEO approval; special price ₦180,000 (bulk column) also needs approval"
LGT-020,Solar Lighting,Street light,Felicity,Felicity Solar (Level C list),FL-A3-100W,100W all-in-one solar street light,100,W,Image pending,Not stated,"₦262,000",,"₦340,600","₦78,600",30.0%,Default markup,,,,Available,May 2026 (list code 260510),
LGT-021,Solar Lighting,Street light,Felicity,Felicity Solar (Level C list),FL-D2-100W,100W all-in-one solar street light,100,W,Image pending,Not stated,"₦274,000",,"₦356,200","₦82,200",30.0%,Default markup,,,,Available,May 2026 (list code 260510),
LGT-022,Solar Lighting,Street light,Solarpro,Solarpro Tech (street lights),I6-100W All-in-One Street Light,100W all-in-one solar street light,100,W,,4 years,"₦195,000",,"₦253,500","₦58,500",30.0%,Default markup,"₦170,000",,,Available,"Week 11, 2026","Cost = under 100 pcs. 100-300 pcs: ₦183,000. Bulk column = 300 pcs and above"
LGT-023,Solar Lighting,Street light,Solarpro,Solarpro Tech (street lights),R3-100W All-in-One Street Light,100W all-in-one solar street light,100,W,,3 years,"₦195,000",,"₦253,500","₦58,500",30.0%,Default markup,"₦175,000",,,Available,"Week 11, 2026","Cost = under 100 pcs. 100-300 pcs: ₦185,000. Bulk column = 300 pcs and above"
LGT-024,Solar Lighting,Street light,Solarpro,Solarpro Tech (street lights),S6-100W All-in-One Street Light,100W all-in-one solar street light,100,W,,4 years,"₦200,000",,"₦260,000","₦60,000",30.0%,Default markup,"₦175,000",,,Available,"Week 11, 2026","Cost = under 100 pcs. 100-300 pcs: ₦185,000. Bulk column = 300 pcs and above"
LGT-025,Solar Lighting,Street light,Felicity,Felicity Solar (Level C list),FL-F2-120W,120W all-in-one solar street light,120,W,Image pending,Not stated,"₦237,000",,"₦308,100","₦71,100",30.0%,Default markup,,,,Available,May 2026 (list code 260510),
LGT-026,Solar Lighting,Street light,Felicity,Felicity Solar (Level C list),FL-D2-120W,120W all-in-one solar street light,120,W,Image pending,Not stated,"₦285,000",,"₦370,500","₦85,500",30.0%,Default markup,,,,Available,May 2026 (list code 260510),
LGT-027,Solar Lighting,Street light,Solarpro,Solarpro Tech (street lights),S7-120W All-in-One Street Light,120W all-in-one solar street light,120,W,,4 years,"₦200,000",,"₦260,000","₦60,000",30.0%,Default markup,"₦185,000",,,Available,"Week 11, 2026","Cost = under 100 pcs. 100-300 pcs: ₦190,000. Bulk column = 300 pcs and above"
LGT-028,Solar Lighting,Street light,Solarpro,Solarpro Tech (street lights),R4-120W All-in-One Street Light,120W all-in-one solar street light,120,W,,3 years,"₦215,000",,"₦279,500","₦64,500",30.0%,Default markup,"₦190,000",,,Available,"Week 11, 2026","Cost = under 100 pcs. 100-300 pcs: ₦195,000. Bulk column = 300 pcs and above"
LGT-029,Solar Lighting,Street light,Felicity,Felicity Solar (Level C list),FL-D2-150W,150W all-in-one solar street light,150,W,Image pending,Not stated,"₦357,000",,"₦464,100","₦107,100",30.0%,Default markup,,,,Available,May 2026 (list code 260510),
LGT-030,Solar Lighting,Street light,Bread,Bread Energy Store,Solar Street Light 2 Lens,"2 Lens. Solar street light (BT-SSL-JG), 6000K, IP68, LiFePO4 battery, 6-8 h charge, dimming",,,,1 year,"₦75,000",,"₦97,500","₦22,500",30.0%,Default markup,,,,Available,Updated list (latest),
LGT-031,Solar Lighting,Street light,Bread,Bread Energy Store,Solar Street Light 3 Lens,"3 Lens. Solar street light (BT-SSL-JG), 6000K, IP68, LiFePO4 battery, 6-8 h charge, dimming",,,,1 year,"₦88,000",,"₦114,400","₦26,400",30.0%,Default markup,,,,Available,Updated list (latest),
LGT-032,Solar Lighting,Street light,Bread,Bread Energy Store,Solar Street Light 4 Lens,"4 Lens. Solar street light (BT-SSL-JG), 6000K, IP68, LiFePO4 battery, 6-8 h charge, dimming",,,,1 year,"₦100,000",,"₦130,000","₦30,000",30.0%,Default markup,,,,Available,Updated list (latest),
LGT-033,Solar Lighting,Street light,Bread,Bread Energy Store (earlier list),Solar Street Light 5 Lens Aluminium,"5 Lens Aluminium. Solar street light (BT-SSL-JG), 6000K, IP68, LiFePO4 battery, 6-8 h charge, dimming",,,,1 year,"₦100,000",,"₦130,000","₦30,000",30.0%,Default markup,,,,Not on latest list,Earlier list (existing sheet),From the earlier Bread list
LGT-034,Solar Lighting,Street light,Bread,Bread Energy Store,Solar Street Light 4 Lines Aluminium,"4 Lines Aluminium. Solar street light (BT-SSL-JG), 6000K, IP68, LiFePO4 battery, 6-8 h charge, dimming",,,,1 year,"₦135,000",,"₦175,500","₦40,500",30.0%,Default markup,,,,Available,Updated list (latest),
LGT-035,Solar Lighting,Street light,Bread,Bread Energy Store,Solar Street Light 8 Eyes,"8 Eyes. Solar street light (BT-SSL-JG), 6000K, IP68, LiFePO4 battery, 6-8 h charge, dimming",,,,1 year,"₦150,000",,"₦195,000","₦45,000",30.0%,Default markup,,,,Available,Updated list (latest),"Earlier list called this ""7 Eyes"" at the same price"
LGT-036,Solar Lighting,Street light,Bread,Bread Energy Store (earlier list),Solar Street Light 12 Eyes,"12 Eyes. Solar street light (BT-SSL-JG), 6000K, IP68, LiFePO4 battery, 6-8 h charge, dimming",,,,1 year,"₦195,000",,"₦253,500","₦58,500",30.0%,Default markup,,,,Not on latest list,Earlier list (existing sheet),From the earlier Bread list
LGT-037,Solar Lighting,Street light,Solarpro,Solarpro Tech (street lights),D Series Street Light (custom),"Customer design, ordered from China, model and power adjustable",,,Image pending,Not stated,,,,,,,,,,Custom order,"Week 11, 2026",Price on request
LGT-038,Solar Lighting,Garden light,Exulted,Exulted (dealer list),Exulted Solar Garden Light,Solar garden light,,,Image pending,Not stated,"₦60,000",,"₦78,000","₦18,000",30.0%,Default markup,"₦53,000",,,Available,15 Sep 2026,"Dealer range ₦55,000 to ₦60,000; cost set at the top of the range. Bulk = 10 pcs and above"
LGT-039,Solar Lighting,Other solar lights,Exulted,Exulted (dealer list),Exulted Simplicity Light,Simplicity solar light,,,Image pending,Not stated,"₦60,000",,"₦78,000","₦18,000",30.0%,Default markup,"₦53,000",,,Available,15 Sep 2026,"Dealer range ₦55,000 to ₦60,000; cost set at the top of the range. Bulk = 10 pcs and above"
LGT-040,Solar Lighting,Pole,Bread,Bread Energy Store,Solar Street Light Expansion Pole,8m tapered double-arm light pole,8,m,,1 year,"₦49,500",,"₦64,350","₦14,850",30.0%,Default markup,,,,Available,Updated list (latest),
PMP-001,Solar Pumps,Solar water pump,Exulted,Exulted (dealer list),Exulted SP600 Solar Pump,750W 72V solar water pump,0.75,kW,Image pending,Not stated,"₦360,000",,"₦468,000","₦108,000",30.0%,Default markup,,,,Available,15 Sep 2026,"Dealer range ₦350,000 to ₦360,000; cost set at the top of the range."
PMP-002,Solar Pumps,Solar water pump,Exulted,Exulted (dealer list),Exulted SP5000 Solar Pump,5HP solar water pump,3.7,kW,Image pending,Not stated,"₦1,700,000",,"₦2,210,000","₦510,000",30.0%,Default markup,,,,Available,15 Sep 2026,5HP is about 3.7kW
PPS-001,Portable Power Stations,Portable power station,MECO,MECO (solar generator list),MECO 1kWh / 300W Solar Generator,"1kWh battery, 300W output solar generator",1,kWh,Image pending,Not stated,"₦358,000",,"₦465,400","₦107,400",30.0%,Default markup,,,,Available,Undated,Price tier (dealer or retail) not stated on the list
PPS-002,Portable Power Stations,Portable power station,MECO,MECO (solar generator list),MECO 1kWh Pro / 500W Solar Generator,"1kWh battery, 500W output solar generator (Pro)",1,kWh,Image pending,Not stated,"₦410,000",,"₦533,000","₦123,000",30.0%,Default markup,,,,Available,Undated,Price tier (dealer or retail) not stated on the list
PPS-003,Portable Power Stations,Portable power station,MECO,MECO (solar generator list),MECO 1kWh Pro + 300W Solar Panel,1kWh Pro solar generator (500W) bundled with a 300W solar panel,1,kWh,Image pending,Not stated,"₦550,000",,"₦715,000","₦165,000",30.0%,Default markup,,,,Available,Undated,Price tier (dealer or retail) not stated on the list
PPS-004,Portable Power Stations,Portable power station,MECO,MECO (solar generator list),MECO 1.2kWh / 300W + 200W Solar Panel,"1.2kWh battery, 300W output solar generator bundled with a 200W solar panel",1.2,kWh,Image pending,Not stated,"₦600,000",,"₦780,000","₦180,000",30.0%,Default markup,,,,Available,Undated,Price tier (dealer or retail) not stated on the list
PPS-005,Portable Power Stations,Portable power station,MECO,MECO (solar generator list),MECO 2kWh Solar Generator,2kWh solar generator,2,kWh,Image pending,Not stated,"₦700,000",,"₦910,000","₦210,000",30.0%,Default markup,,,,Available,Undated,Price tier (dealer or retail) not stated on the list
PPS-006,Portable Power Stations,Portable power station,EcoFlow,"EcoFlow (catalogue, handwritten dealer prices)",EcoFlow RIVER 3,"245Wh, 300W AC (catalogue: 500W total, 650W surge), 5 outputs, 3.5kg, full charge in 60 min, under 30dB, UPS",245,Wh,,Not stated,"₦263,000",,"₦341,900","₦78,900",30.0%,Default markup,,,,Available,Undated (shared 1 Oct 2026),"Dealer price handwritten on the EcoFlow catalogue (confirmed by Paul, 1 Oct 2026)."
PPS-007,Portable Power Stations,Portable power station,EcoFlow,"EcoFlow (catalogue, handwritten dealer prices)",EcoFlow RIVER 2,"256Wh, 300W AC (600W surge), 5 outputs, 3.5kg, 60 min wall charge (360W), 3-6 h on 160W solar",256,Wh,,Not stated,"₦263,000",,"₦341,900","₦78,900",30.0%,Default markup,,,,Available,Undated (shared 1 Oct 2026),"Dealer price handwritten on the EcoFlow catalogue (confirmed by Paul, 1 Oct 2026). Regular 256Wh version. The 288Wh promo version is listed separately below"
PPS-008,Portable Power Stations,Portable power station,EcoFlow,"EcoFlow (catalogue, handwritten dealer prices)",EcoFlow RIVER 3 Plus,"286Wh, 600W AC (catalogue: 500W total, 650W surge), 7 outputs, 4.7kg, full charge in 60 min, UPS",286,Wh,,Not stated,"₦327,000",,"₦425,100","₦98,100",30.0%,Default markup,,,,Available,Undated (shared 1 Oct 2026),"Dealer price handwritten on the EcoFlow catalogue (confirmed by Paul, 1 Oct 2026)."
PPS-009,Portable Power Stations,Portable power station,EcoFlow,"EcoFlow (catalogue, handwritten dealer prices)",EcoFlow RIVER 2 (288Wh promo),"288Wh, 300W AC (600W surge), 5 outputs, 3.5kg, 60 min wall charge (360W), 3-6 h on 160W solar. Same spec as the regular RIVER 2 but 288Wh instead of 256Wh",288,Wh,,Not stated,"₦180,000",,"₦234,000","₦54,000",30.0%,Default markup,,,,Promotion,Undated (shared 1 Oct 2026),"Dealer price handwritten on the EcoFlow catalogue (confirmed by Paul, 1 Oct 2026). Promo price per unit. Only 2 units in stock as at 1 Oct 2026, so confirm availability before quoting. The regular 256Wh RIVER 2 at ₦263,000 is the ongoing line"
PPS-010,Portable Power Stations,Portable power station,HiNEN,Bread Energy Store (earlier list),HiNEN 300W Portable Power Station,"300W (600W peak), 204.8Wh 25.6V LiFePO4, 120W PV input (MPPT), 1.25 h fast charge, UPS function",300,W,,10 years,"₦265,000",,"₦344,500","₦79,500",30.0%,Default markup,,,,Available,Earlier list (existing sheet),
PPS-011,Portable Power Stations,Portable power station,itel,itel Energy (ESS list),itel Power Go IESS-320T 300Wh (DC),"300Wh / 100,000mAh DC solar generator. Catalogue: 130W / 320Wh, PV and USB-C recharge, DC input up to 100W, LED light",300,Wh,,1 year replacement,"₦75,600",,"₦83,160","₦7,560",10.0%,Capped at market price,"₦72,000","₦83,160",,Available,Sep 2026,Cost = dealer price. Bulk column = distributor price. Market ref = itel retail price.
PPS-012,Portable Power Stations,Portable power station,itel,itel Energy (ESS list),itel Power Go Pro IESS-320ACT 300Wh (AC),"300Wh / 100,000mAh AC solar generator",300,Wh,,Not stated,"₦132,000",,"₦145,200","₦13,200",10.0%,Capped at market price,"₦125,000","₦145,200",,Available,Sep 2026,Cost = dealer price. Bulk column = distributor price. Market ref = itel retail price.
PPS-013,Portable Power Stations,Portable power station,LuxPower,LuxPower (July 2026 list),Vitabank 500,"500W inverter with 1kWh battery, solar generator",500,W,,2 years,"₦380,000",,"₦494,000","₦114,000",30.0%,Default markup,"₦340,000",,,Available,1 Jul 2026,"Cost = 1-20 pcs. 21-50 pcs: ₦360,000. 51-200 pcs: bulk column. 201-500 pcs: ₦330,000. FOB US$190. Lagos price."
PPS-014,Portable Power Stations,Portable power station,itel,itel Energy (ESS list),itel Power Tank IESS-05K10N 500W / 1kWh,"500W / 1kWh all-in-one power tank. 3-in-1 plug and play, PV input up to 500W, UPS switch under 10ms, 1000Wh LiFePO4, up to 2 h backup",500,W,,1 year replacement,"₦280,000",,"₦308,000","₦28,000",10.0%,Capped at market price,"₦265,000","₦308,000",,Available,Sep 2026,Cost = dealer price. Bulk column = distributor price. Market ref = itel retail price.
PPS-015,Portable Power Stations,Portable power station,EcoFlow,"EcoFlow (catalogue, handwritten dealer prices)",EcoFlow RIVER 2 Max,"512Wh, 500W AC (1000W surge), 9 outputs, 6.1kg, 60 min wall charge (660W), 3-6 h on 220W solar",512,Wh,,Not stated,"₦370,000",,"₦481,000","₦111,000",30.0%,Default markup,,,,Available,Undated (shared 1 Oct 2026),"Dealer price handwritten on the EcoFlow catalogue (confirmed by Paul, 1 Oct 2026)."
PPS-016,Portable Power Stations,Portable power station,EcoFlow,"EcoFlow (catalogue, handwritten dealer prices)",EcoFlow RIVER 3 Max,"572Wh, 500W total (650W surge), 8 outputs, 8.4kg, full charge in 1.3 h, UPS",572,Wh,,Not stated,"₦420,000",,"₦546,000","₦126,000",30.0%,Default markup,,,,Available,Undated (shared 1 Oct 2026),"Dealer price handwritten on the EcoFlow catalogue (confirmed by Paul, 1 Oct 2026)."
PPS-017,Portable Power Stations,Portable power station,HiNEN,Bread Energy Store (earlier list),HiNEN 600W Portable Power Station,"600W (1000W peak), 512Wh 25.6V LiFePO4, 200W PV input (MPPT), 1.5 h fast charge, UPS function",600,W,,10 years,"₦413,000",,"₦536,900","₦123,900",30.0%,Default markup,,,,Available,Earlier list (existing sheet),
PPS-018,Portable Power Stations,Portable power station,EcoFlow,"EcoFlow (catalogue, handwritten dealer prices)",EcoFlow RIVER 2 Pro,"768Wh, 800W AC (1600W surge), 10 outputs, 7.8kg, 70 min wall charge (940W), 4.5-9 h on 220W solar",768,Wh,,Not stated,"₦508,000",,"₦660,400","₦152,400",30.0%,Default markup,,,,Available,Undated (shared 1 Oct 2026),"Dealer price handwritten on the EcoFlow catalogue (confirmed by Paul, 1 Oct 2026)."
PPS-019,Portable Power Stations,Portable power station,EcoFlow,"EcoFlow (catalogue, handwritten dealer prices)",EcoFlow RIVER 3 Max Plus,"858Wh, 500W total (650W surge), 9 outputs incl. wireless charger, 10.8kg, full charge in 1.8 h, UPS",858,Wh,,Not stated,"₦508,500",,"₦661,050","₦152,550",30.0%,Default markup,,,,Available,Undated (shared 1 Oct 2026),"Dealer price handwritten on the EcoFlow catalogue (confirmed by Paul, 1 Oct 2026)."
PPS-020,Portable Power Stations,Portable power station,EcoFlow,"EcoFlow (catalogue, handwritten dealer prices)",EcoFlow E980,"980Wh, 500W AC (650W surge, X-Boost to 650W), 13 outputs, 13kg, full charge in 2 h",980,Wh,,Not stated,"₦451,000",,"₦586,300","₦135,300",30.0%,Default markup,,,,Available,Undated (shared 1 Oct 2026),"Dealer price handwritten on the EcoFlow catalogue (confirmed by Paul, 1 Oct 2026). An earlier handwritten price is crossed out"
PPS-021,Portable Power Stations,Portable power station,EcoFlow,"EcoFlow (catalogue, handwritten dealer prices)",EcoFlow DELTA 2 / DELTA 3,"1024Wh, 1800W AC (2700W surge), 12kg, 80 min wall charge (1200W), 3-6 h on 400W solar",1024,Wh,,Not stated,"₦680,000",,"₦884,000","₦204,000",30.0%,Default markup,,,,Available,Undated (shared 1 Oct 2026),"Dealer price handwritten on the EcoFlow catalogue (confirmed by Paul, 1 Oct 2026). Catalogue says ""DELTA 2/3"" at one price"
PPS-022,Portable Power Stations,Portable power station,EcoFlow,"EcoFlow (catalogue, handwritten dealer prices)",EcoFlow DELTA 2 Max Solar Generator (PV220W),"DELTA 2 Max bundled with a 220W portable solar panel. 2kWh capacity, 2400W AC output, full charge in 2.6 hours",2048,Wh,,Not stated,"₦800,000",,"₦1,040,000","₦240,000",30.0%,Default markup,,,,Available,Undated (shared 1 Oct 2026),"Dealer price handwritten on the EcoFlow catalogue (confirmed by Paul, 1 Oct 2026). Catalogue note at the top of the Delta page reads ""2kW/2kWh/AC/Inverter 1,000Ws each => ₦800,000"". Sits below the ₦1,200,000 for the DELTA 2 Max on its own, so worth confirming with the supplier"
PPS-023,Portable Power Stations,Portable power station,EcoFlow,"EcoFlow (catalogue, handwritten dealer prices)",EcoFlow DELTA 2 Max,"2048Wh, 2400W AC (4800W surge), 13 outputs (4 AC), 23kg, 81 min wall charge (2300W)",2048,Wh,,Not stated,"₦1,200,000",,"₦1,560,000","₦360,000",30.0%,Default markup,,,,Available,Undated (shared 1 Oct 2026),"Dealer price handwritten on the EcoFlow catalogue (confirmed by Paul, 1 Oct 2026)."
PPS-024,Portable Power Stations,Portable power station,HiNEN,Bread Energy Store (earlier list),HiNEN 3000W Portable Power Station,"3000W (5000W peak), 2560Wh 51.2V LiFePO4, expandable to 17.5kWh, 800W PV input, app / WiFi monitoring, UPS function",3000,W,,Not clear,"₦850,041",,"₦1,105,053","₦255,012",30.0%,Default markup,,,,Available,Earlier list (existing sheet),"Source shows warranty ""43 year"" and price ₦850,041. Both look like typos. Confirm"
PPS-025,Portable Power Stations,Portable power station,EcoFlow,"EcoFlow (catalogue, handwritten dealer prices)",EcoFlow DELTA Pro,"3600Wh, 3600W AC (7200W surge), 15 outputs (4 AC), 45kg, 2.7 h wall charge (1800W), 3.5-7 h on 3 x 400W solar",3600,Wh,,Not stated,"₦2,000,000",,"₦2,600,000","₦600,000",30.0%,Default markup,,,,Available,Undated (shared 1 Oct 2026),"Dealer price handwritten on the EcoFlow catalogue (confirmed by Paul, 1 Oct 2026)."
SEC-001,Security & Automation,CCTV camera,Exulted,Exulted (dealer list),4G Solar Outdoor Camera (double lens),"4G solar-powered outdoor security camera, double lens",,,Image pending,Not stated,"₦65,000",,"₦84,500","₦19,500",30.0%,Default markup,,,,Available,15 Sep 2026,
SEC-002,Security & Automation,Gate automation,Exulted,Exulted (dealer list),Sliding Gate Opener Machine,Sliding gate motor / opener,,,Image pending,Not stated,"₦650,000",,"₦845,000","₦195,000",30.0%,Default markup,,,,Available,15 Sep 2026,
ACC-001,Accessories & BOS,Battery controller,Deye,SMS Sunmate Solar (Deye Nigeria),BOS-G-PDU-2,High-voltage controller box for BOS-G Pro systems,,,,10 years,"₦1,300,000",,"₦1,690,000","₦390,000",30.0%,Default markup,,,,Available,Sep 2025,
ACC-002,Accessories & BOS,Battery controller,Felicity,Felicity Solar (Level C list),FLH48100UCG1 (control cabinet),"High-voltage LiFePO4 battery system control box, max 720V / 100A",,,Image pending,10 years,"₦1,076,000",,"₦1,398,800","₦322,800",30.0%,Default markup,,,,Available,May 2026 (list code 260510),
ACC-003,Accessories & BOS,Battery controller,LuxPower,LuxPower (July 2026 list),PSTACK BCU,Battery control unit for PSTACK stackable systems,,,,10 years,"₦1,350,000",,"₦1,417,500","₦67,500",5.0%,Minimum margin,"₦1,210,000","₦1,400,000",,Available,1 Jul 2026,"Cost = installer (1-9 pcs); market ref = end-user (1-9 pcs). 10-50 pcs: ₦1,250,000. Over 50 pcs: bulk column. FOB US$580. Lagos price; outside Lagos add ₦15,000/pc logistics."
ACC-004,Accessories & BOS,Battery rack,Deye,SMS Sunmate Solar (Deye Nigeria),Rack 9 Layers,Rack for 8 x BOS-G Pro 5kWh high-voltage batteries,,,,Not stated,"₦620,000",,"₦806,000","₦186,000",30.0%,Default markup,,,,Available,Sep 2025,
ACC-005,Accessories & BOS,Battery rack,Deye,SMS Sunmate Solar (Deye Nigeria),Rack 13 Layers,Rack for 12 x BOS-G Pro 5kWh high-voltage batteries,,,,Not stated,"₦660,000",,"₦858,000","₦198,000",30.0%,Default markup,,,,Available,Sep 2025,
ACC-006,Accessories & BOS,Battery rack,Felicity,Felicity Solar (Level C list),FLH48100R13G1 (rack),Rack for 1 control module and up to 12 FLH48100UMG1 battery modules,,,Image pending,Not stated,"₦530,000",,"₦689,000","₦159,000",30.0%,Default markup,,,,Available,May 2026 (list code 260510),
ACC-007,Accessories & BOS,Busbar / combiner box,Felicity,Felicity Solar (Level C list),BTCB0606 120A,"Battery pack combiner box, 6 in / 6 out, with circuit breaker, 120A",120,A,Image pending,Not stated,"₦187,000",,"₦243,100","₦56,100",30.0%,Default markup,,,,Available,May 2026 (list code 260510),
ACC-008,Accessories & BOS,Busbar / combiner box,Felicity,Felicity Solar (Level C list),BTCB0606 200A,"Battery pack combiner box, 6 in / 6 out, without circuit breaker, 200A",200,A,Image pending,Not stated,"₦123,000",,"₦159,900","₦36,900",30.0%,Default markup,,,,Available,May 2026 (list code 260510),
ACC-009,Accessories & BOS,Busbar / combiner box,SRNE,SRNE (existing sheet),DCB-2,"Low-voltage battery busbar box, 2 in / 4 out, 300A, max 15.36kW",300,A,,1 year,"₦120,000",,"₦156,000","₦36,000",30.0%,Default markup,,,,Available,Undated,
ACC-010,Accessories & BOS,Busbar / combiner box,SRNE,SRNE (existing sheet),DCB-1,"Low-voltage battery busbar box, 4 in / 4 out, 800A, max 40.96kW",800,A,,1 year,"₦114,000",,"₦148,200","₦34,200",30.0%,Default markup,,,,Available,Undated,
ACC-011,Accessories & BOS,Cable,SRNE,SRNE (existing sheet),EOS05B Parallel Cable,Parallel cable for EOS05B batteries,,,,1 year,"₦53,000",,"₦68,900","₦15,900",30.0%,Default markup,,,,Available,Undated,
ACC-012,Accessories & BOS,Monitoring,Felicity,Felicity Solar (Level C list),IOTF2407 Wi-Fi Plug,Wi-Fi communication module for Felicity inverters and controllers,,,Image pending,Not stated,"₦47,000",,"₦61,100","₦14,100",30.0%,Default markup,,,,Available,May 2026 (list code 260510),
ACC-013,Accessories & BOS,Monitoring,Felicity,Felicity Solar (Level C list),IOTH2403 Wi-Fi Plug,Wi-Fi communication module for FL-IVEM6048,,,Image pending,Not stated,"₦47,000",,"₦61,100","₦14,100",30.0%,Default markup,,,,Available,May 2026 (list code 260510),
ACC-014,Accessories & BOS,Monitoring,SRNE,SRNE (existing sheet),Solarman WiFi Kit,Solarman WiFi monitoring kit for all SRNE inverter models,,,,1 year,"₦55,000",,"₦71,500","₦16,500",30.0%,Default markup,,,,Available,Undated,
ACC-015,Accessories & BOS,Surge protection,Felicity,Felicity Solar (Level C list),FSPD2250,Lightning protection module,,,Image pending,Not stated,"₦45,000",,"₦58,500","₦13,500",30.0%,Default markup,,,,Available,May 2026 (list code 260510),
ACC-016,Accessories & BOS,Transfer switch,SRNE,SRNE (existing sheet),ATS380S63-S3,"Three-phase automatic transfer switch, 380 / 400 / 415V (342-440V), 63A, 2 connections",63,A,,2 years,"₦535,000",,"₦695,500","₦160,500",30.0%,Default markup,,,,New,Undated,
APP-001,Appliances,Rechargeable fan,INFINI,Solarpro Tech (INFINI / Sungene list),"18"" Lithium Rechargeable Fan",18-inch standing fan with lithium battery,18,inch,,18 months,"₦60,000",,"₦70,000","₦10,000",16.7%,Capped at market price,"₦55,000","₦70,000",,Available,"Week 13, 2026",
APP-002,Appliances,Rechargeable fan,INFINI,Solarpro Tech (INFINI / Sungene list),"18"" Lithium Rechargeable Fan + 20W Panel",18-inch standing fan with lithium battery and 20W solar panel,18,inch,,18 months,"₦70,000",,"₦80,000","₦10,000",14.3%,Capped at market price,"₦64,000","₦80,000",,Available,"Week 13, 2026",